Sep 27, 2025 12:25:25 PM com.google.cloud.datastore.emulator.firestore.websocket.WebSocketServer start
INFO: Started WebSocket server on ws://127.0.0.1:9150
API endpoint: http://127.0.0.1:8080
If you are using a library that supports the FIRESTORE_EMULATOR_HOST environment variable, run:

   export FIRESTORE_EMULATOR_HOST=127.0.0.1:8080

If you are running a Firestore in Datastore Mode project, run:

   export DATASTORE_EMULATOR_HOST=127.0.0.1:8080

Note: Support for Datastore Mode is in preview. If you encounter any bugs please file at https://github.com/firebase/firebase-tools/issues.
Dev App Server is now running.

Sep 27, 2025 12:25:28 PM io.grpc.netty.NettyServerTransport notifyTerminated
INFO: Transport failed
io.netty.handler.codec.http2.Http2Exception: Unexpected HTTP/1.x request: GET / 
	at io.netty.handler.codec.http2.Http2Exception.connectionError(Http2Exception.java:107)
	at io.netty.handler.codec.http2.Http2ConnectionHandler$PrefaceDecoder.readClientPrefaceString(Http2ConnectionHandler.java:315)
	at io.netty.handler.codec.http2.Http2ConnectionHandler$PrefaceDecoder.decode(Http2ConnectionHandler.java:245)
	at io.netty.handler.codec.http2.Http2ConnectionHandler.decode(Http2ConnectionHandler.java:451)
	at io.netty.handler.codec.ByteToMessageDecoder.decodeRemovalReentryProtection(ByteToMessageDecoder.java:530)
	at io.netty.handler.codec.ByteToMessageDecoder.callDecode(ByteToMessageDecoder.java:469)
	at io.netty.handler.codec.ByteToMessageDecoder.channelRead(ByteToMessageDecoder.java:290)
	at io.netty.channel.AbstractChannelHandlerContext.invokeChannelRead(AbstractChannelHandlerContext.java:444)
	at io.netty.channel.AbstractChannelHandlerContext.invokeChannelRead(AbstractChannelHandlerContext.java:420)
	at io.netty.channel.AbstractChannelHandlerContext.fireChannelRead(AbstractChannelHandlerContext.java:412)
	at io.netty.channel.DefaultChannelPipeline$HeadContext.channelRead(DefaultChannelPipeline.java:1407)
	at io.netty.channel.AbstractChannelHandlerContext.invokeChannelRead(AbstractChannelHandlerContext.java:440)
	at io.netty.channel.AbstractChannelHandlerContext.invokeChannelRead(AbstractChannelHandlerContext.java:420)
	at io.netty.channel.DefaultChannelPipeline.fireChannelRead(DefaultChannelPipeline.java:918)
	at io.netty.channel.nio.AbstractNioByteChannel$NioByteUnsafe.read(AbstractNioByteChannel.java:166)
	at io.netty.channel.nio.NioEventLoop.processSelectedKey(NioEventLoop.java:788)
	at io.netty.channel.nio.NioEventLoop.processSelectedKeysOptimized(NioEventLoop.java:724)
	at io.netty.channel.nio.NioEventLoop.processSelectedKeys(NioEventLoop.java:650)
	at io.netty.channel.nio.NioEventLoop.run(NioEventLoop.java:562)
	at io.netty.util.concurrent.SingleThreadEventExecutor$4.run(SingleThreadEventExecutor.java:994)
	at io.netty.util.internal.ThreadExecutorMap$2.run(ThreadExecutorMap.java:74)
	at io.netty.util.concurrent.FastThreadLocalRunnable.run(FastThreadLocalRunnable.java:30)
	at java.base/java.lang.Thread.run(Thread.java:1583)

Sep 27, 2025 12:25:28 PM io.grpc.netty.NettyServerTransport notifyTerminated
INFO: Transport failed
io.netty.handler.codec.http2.Http2Exception: HTTP/2 client preface string missing or corrupt. Hex dump for received bytes: 16030105a8010005a4030302387d61ba09def19e548b26ab
	at io.netty.handler.codec.http2.Http2Exception.connectionError(Http2Exception.java:107)
	at io.netty.handler.codec.http2.Http2ConnectionHandler$PrefaceDecoder.readClientPrefaceString(Http2ConnectionHandler.java:319)
	at io.netty.handler.codec.http2.Http2ConnectionHandler$PrefaceDecoder.decode(Http2ConnectionHandler.java:245)
	at io.netty.handler.codec.http2.Http2ConnectionHandler.decode(Http2ConnectionHandler.java:451)
	at io.netty.handler.codec.ByteToMessageDecoder.decodeRemovalReentryProtection(ByteToMessageDecoder.java:530)
	at io.netty.handler.codec.ByteToMessageDecoder.callDecode(ByteToMessageDecoder.java:469)
	at io.netty.handler.codec.ByteToMessageDecoder.channelRead(ByteToMessageDecoder.java:290)
	at io.netty.channel.AbstractChannelHandlerContext.invokeChannelRead(AbstractChannelHandlerContext.java:444)
	at io.netty.channel.AbstractChannelHandlerContext.invokeChannelRead(AbstractChannelHandlerContext.java:420)
	at io.netty.channel.AbstractChannelHandlerContext.fireChannelRead(AbstractChannelHandlerContext.java:412)
	at io.netty.channel.DefaultChannelPipeline$HeadContext.channelRead(DefaultChannelPipeline.java:1407)
	at io.netty.channel.AbstractChannelHandlerContext.invokeChannelRead(AbstractChannelHandlerContext.java:440)
	at io.netty.channel.AbstractChannelHandlerContext.invokeChannelRead(AbstractChannelHandlerContext.java:420)
	at io.netty.channel.DefaultChannelPipeline.fireChannelRead(DefaultChannelPipeline.java:918)
	at io.netty.channel.nio.AbstractNioByteChannel$NioByteUnsafe.read(AbstractNioByteChannel.java:166)
	at io.netty.channel.nio.NioEventLoop.processSelectedKey(NioEventLoop.java:788)
	at io.netty.channel.nio.NioEventLoop.processSelectedKeysOptimized(NioEventLoop.java:724)
	at io.netty.channel.nio.NioEventLoop.processSelectedKeys(NioEventLoop.java:650)
	at io.netty.channel.nio.NioEventLoop.run(NioEventLoop.java:562)
	at io.netty.util.concurrent.SingleThreadEventExecutor$4.run(SingleThreadEventExecutor.java:994)
	at io.netty.util.internal.ThreadExecutorMap$2.run(ThreadExecutorMap.java:74)
	at io.netty.util.concurrent.FastThreadLocalRunnable.run(FastThreadLocalRunnable.java:30)
	at java.base/java.lang.Thread.run(Thread.java:1583)

Sep 27, 2025 12:25:52 PM io.gapi.emulators.netty.HttpVersionRoutingHandler channelRead
INFO: Detected non-HTTP/2 connection.
Sep 27, 2025 12:25:52 PM io.gapi.emulators.netty.NotFoundHandler handleRequest
INFO: Unknown request URI: /requests
Sep 27, 2025 12:25:52 PM io.gapi.emulators.netty.HttpVersionRoutingHandler channelRead
INFO: Detected non-HTTP/2 connection.
Sep 27, 2025 12:25:53 PM io.gapi.emulators.netty.NotFoundHandler handleRequest
INFO: Unknown request URI: /requests
Sep 27, 2025 12:25:54 PM io.gapi.emulators.netty.HttpVersionRoutingHandler channelRead
INFO: Detected non-HTTP/2 connection.
Sep 27, 2025 12:25:54 PM io.gapi.emulators.netty.NotFoundHandler handleRequest
INFO: Unknown request URI: /requests
Sep 27, 2025 12:25:55 PM io.gapi.emulators.netty.HttpVersionRoutingHandler channelRead
INFO: Detected non-HTTP/2 connection.
Sep 27, 2025 12:25:55 PM io.gapi.emulators.netty.NotFoundHandler handleRequest
INFO: Unknown request URI: /requests
Sep 27, 2025 12:25:56 PM io.gapi.emulators.netty.HttpVersionRoutingHandler channelRead
INFO: Detected non-HTTP/2 connection.
Sep 27, 2025 12:25:56 PM io.gapi.emulators.netty.NotFoundHandler handleRequest
INFO: Unknown request URI: /requests
Sep 27, 2025 12:25:56 PM io.gapi.emulators.netty.HttpVersionRoutingHandler channelRead
INFO: Detected non-HTTP/2 connection.
Sep 27, 2025 12:25:56 PM io.gapi.emulators.netty.NotFoundHandler handleRequest
INFO: Unknown request URI: /requests
Sep 27, 2025 12:25:57 PM io.gapi.emulators.netty.HttpVersionRoutingHandler channelRead
INFO: Detected non-HTTP/2 connection.
Sep 27, 2025 12:25:57 PM io.gapi.emulators.netty.NotFoundHandler handleRequest
INFO: Unknown request URI: /requests
Sep 27, 2025 12:25:58 PM io.gapi.emulators.netty.HttpVersionRoutingHandler channelRead
INFO: Detected non-HTTP/2 connection.
Sep 27, 2025 12:25:58 PM io.gapi.emulators.netty.NotFoundHandler handleRequest
INFO: Unknown request URI: /requests
Sep 27, 2025 12:25:59 PM io.gapi.emulators.netty.HttpVersionRoutingHandler channelRead
INFO: Detected non-HTTP/2 connection.
Sep 27, 2025 12:26:00 PM io.gapi.emulators.netty.NotFoundHandler handleRequest
INFO: Unknown request URI: /requests
Sep 27, 2025 12:26:00 PM io.gapi.emulators.netty.HttpVersionRoutingHandler channelRead
INFO: Detected non-HTTP/2 connection.
Sep 27, 2025 12:26:00 PM io.gapi.emulators.netty.NotFoundHandler handleRequest
INFO: Unknown request URI: /requests
Sep 27, 2025 12:26:01 PM io.gapi.emulators.netty.HttpVersionRoutingHandler channelRead
INFO: Detected non-HTTP/2 connection.
Sep 27, 2025 12:26:01 PM io.gapi.emulators.netty.NotFoundHandler handleRequest
INFO: Unknown request URI: /requests
Sep 27, 2025 12:26:02 PM io.gapi.emulators.netty.HttpVersionRoutingHandler channelRead
INFO: Detected non-HTTP/2 connection.
Sep 27, 2025 12:26:02 PM io.gapi.emulators.netty.NotFoundHandler handleRequest
INFO: Unknown request URI: /requests
Sep 27, 2025 12:26:03 PM io.gapi.emulators.netty.HttpVersionRoutingHandler channelRead
INFO: Detected non-HTTP/2 connection.
Sep 27, 2025 12:26:03 PM io.gapi.emulators.netty.NotFoundHandler handleRequest
INFO: Unknown request URI: /requests
Sep 27, 2025 12:26:04 PM io.gapi.emulators.netty.HttpVersionRoutingHandler channelRead
INFO: Detected non-HTTP/2 connection.
Sep 27, 2025 12:26:04 PM io.gapi.emulators.netty.NotFoundHandler handleRequest
INFO: Unknown request URI: /requests
Sep 27, 2025 12:26:06 PM io.gapi.emulators.netty.HttpVersionRoutingHandler channelRead
INFO: Detected non-HTTP/2 connection.
Sep 27, 2025 12:26:06 PM io.gapi.emulators.netty.NotFoundHandler handleRequest
INFO: Unknown request URI: /requests
Sep 27, 2025 12:26:07 PM io.gapi.emulators.netty.HttpVersionRoutingHandler channelRead
INFO: Detected non-HTTP/2 connection.
Sep 27, 2025 12:26:07 PM io.gapi.emulators.netty.NotFoundHandler handleRequest
INFO: Unknown request URI: /requests
Sep 27, 2025 12:26:10 PM io.gapi.emulators.netty.HttpVersionRoutingHandler channelRead
INFO: Detected non-HTTP/2 connection.
Sep 27, 2025 12:26:10 PM io.gapi.emulators.netty.NotFoundHandler handleRequest
INFO: Unknown request URI: /requests
Sep 27, 2025 12:26:12 PM io.gapi.emulators.netty.HttpVersionRoutingHandler channelRead
INFO: Detected non-HTTP/2 connection.
Sep 27, 2025 12:26:12 PM io.gapi.emulators.netty.NotFoundHandler handleRequest
INFO: Unknown request URI: /requests
Sep 27, 2025 12:26:17 PM io.gapi.emulators.netty.HttpVersionRoutingHandler channelRead
INFO: Detected non-HTTP/2 connection.
Sep 27, 2025 12:26:17 PM io.gapi.emulators.netty.NotFoundHandler handleRequest
INFO: Unknown request URI: /requests
Sep 27, 2025 12:26:21 PM io.gapi.emulators.netty.HttpVersionRoutingHandler channelRead
INFO: Detected non-HTTP/2 connection.
Sep 27, 2025 12:26:21 PM io.gapi.emulators.netty.NotFoundHandler handleRequest
INFO: Unknown request URI: /requests
Sep 27, 2025 12:26:25 PM io.gapi.emulators.netty.HttpVersionRoutingHandler channelRead
INFO: Detected non-HTTP/2 connection.
Sep 27, 2025 12:26:25 PM io.gapi.emulators.netty.NotFoundHandler handleRequest
INFO: Unknown request URI: /requests
Sep 27, 2025 12:26:26 PM io.gapi.emulators.netty.HttpVersionRoutingHandler channelRead
INFO: Detected non-HTTP/2 connection.
Sep 27, 2025 12:26:26 PM io.gapi.emulators.netty.NotFoundHandler handleRequest
INFO: Unknown request URI: /requests
Sep 27, 2025 12:26:31 PM io.gapi.emulators.netty.HttpVersionRoutingHandler channelRead
INFO: Detected non-HTTP/2 connection.
Sep 27, 2025 12:26:31 PM io.gapi.emulators.netty.NotFoundHandler handleRequest
INFO: Unknown request URI: /requests
Sep 27, 2025 12:26:34 PM io.gapi.emulators.netty.HttpVersionRoutingHandler channelRead
INFO: Detected non-HTTP/2 connection.
Sep 27, 2025 12:26:34 PM io.gapi.emulators.netty.NotFoundHandler handleRequest
INFO: Unknown request URI: /requests
Sep 27, 2025 12:26:39 PM io.gapi.emulators.netty.HttpVersionRoutingHandler channelRead
INFO: Detected non-HTTP/2 connection.
Sep 27, 2025 12:26:39 PM io.gapi.emulators.netty.NotFoundHandler handleRequest
INFO: Unknown request URI: /requests
Sep 27, 2025 12:26:45 PM io.gapi.emulators.netty.HttpVersionRoutingHandler channelRead
INFO: Detected non-HTTP/2 connection.
Sep 27, 2025 12:26:45 PM io.gapi.emulators.netty.NotFoundHandler handleRequest
INFO: Unknown request URI: /requests
Sep 27, 2025 12:26:48 PM io.gapi.emulators.netty.HttpVersionRoutingHandler channelRead
INFO: Detected non-HTTP/2 connection.
Sep 27, 2025 12:26:48 PM io.gapi.emulators.netty.NotFoundHandler handleRequest
INFO: Unknown request URI: /requests
Sep 27, 2025 12:26:52 PM io.gapi.emulators.netty.HttpVersionRoutingHandler channelRead
INFO: Detected non-HTTP/2 connection.
Sep 27, 2025 12:26:52 PM io.gapi.emulators.netty.NotFoundHandler handleRequest
INFO: Unknown request URI: /requests
Sep 27, 2025 12:26:55 PM io.gapi.emulators.netty.HttpVersionRoutingHandler channelRead
INFO: Detected non-HTTP/2 connection.
Sep 27, 2025 12:26:55 PM io.gapi.emulators.netty.NotFoundHandler handleRequest
INFO: Unknown request URI: /requests
Sep 27, 2025 12:26:58 PM io.gapi.emulators.netty.HttpVersionRoutingHandler channelRead
INFO: Detected non-HTTP/2 connection.
Sep 27, 2025 12:26:58 PM io.gapi.emulators.netty.NotFoundHandler handleRequest
INFO: Unknown request URI: /requests
Sep 27, 2025 12:27:01 PM io.gapi.emulators.netty.HttpVersionRoutingHandler channelRead
INFO: Detected non-HTTP/2 connection.
Sep 27, 2025 12:27:01 PM io.gapi.emulators.netty.NotFoundHandler handleRequest
INFO: Unknown request URI: /requests
Sep 27, 2025 12:27:05 PM io.gapi.emulators.netty.HttpVersionRoutingHandler channelRead
INFO: Detected non-HTTP/2 connection.
Sep 27, 2025 12:27:05 PM io.gapi.emulators.netty.NotFoundHandler handleRequest
INFO: Unknown request URI: /requests
Sep 27, 2025 12:27:11 PM io.gapi.emulators.netty.HttpVersionRoutingHandler channelRead
INFO: Detected non-HTTP/2 connection.
Sep 27, 2025 12:27:11 PM io.gapi.emulators.netty.NotFoundHandler handleRequest
INFO: Unknown request URI: /requests
Sep 27, 2025 12:27:16 PM io.gapi.emulators.netty.HttpVersionRoutingHandler channelRead
INFO: Detected non-HTTP/2 connection.
Sep 27, 2025 12:27:16 PM io.gapi.emulators.netty.NotFoundHandler handleRequest
INFO: Unknown request URI: /requests
Sep 27, 2025 12:27:21 PM io.gapi.emulators.netty.HttpVersionRoutingHandler channelRead
INFO: Detected non-HTTP/2 connection.
Sep 27, 2025 12:27:21 PM io.gapi.emulators.netty.NotFoundHandler handleRequest
INFO: Unknown request URI: /requests
Sep 27, 2025 12:27:25 PM io.gapi.emulators.netty.HttpVersionRoutingHandler channelRead
INFO: Detected non-HTTP/2 connection.
Sep 27, 2025 12:27:25 PM io.gapi.emulators.netty.NotFoundHandler handleRequest
INFO: Unknown request URI: /requests
Sep 27, 2025 12:27:27 PM io.gapi.emulators.netty.HttpVersionRoutingHandler channelRead
INFO: Detected non-HTTP/2 connection.
Sep 27, 2025 12:27:27 PM io.gapi.emulators.netty.NotFoundHandler handleRequest
INFO: Unknown request URI: /requests
Sep 27, 2025 12:27:31 PM io.gapi.emulators.netty.HttpVersionRoutingHandler channelRead
INFO: Detected non-HTTP/2 connection.
Sep 27, 2025 12:27:31 PM io.gapi.emulators.netty.NotFoundHandler handleRequest
INFO: Unknown request URI: /requests
Sep 27, 2025 12:27:36 PM io.gapi.emulators.netty.HttpVersionRoutingHandler channelRead
INFO: Detected non-HTTP/2 connection.
Sep 27, 2025 12:27:36 PM io.gapi.emulators.netty.NotFoundHandler handleRequest
INFO: Unknown request URI: /requests
Sep 27, 2025 12:27:39 PM io.gapi.emulators.netty.HttpVersionRoutingHandler channelRead
INFO: Detected non-HTTP/2 connection.
Sep 27, 2025 12:27:39 PM io.gapi.emulators.netty.NotFoundHandler handleRequest
INFO: Unknown request URI: /requests
Sep 27, 2025 12:27:44 PM io.gapi.emulators.netty.HttpVersionRoutingHandler channelRead
INFO: Detected non-HTTP/2 connection.
Sep 27, 2025 12:27:44 PM io.gapi.emulators.netty.NotFoundHandler handleRequest
INFO: Unknown request URI: /requests
Sep 27, 2025 12:27:47 PM io.gapi.emulators.netty.HttpVersionRoutingHandler channelRead
INFO: Detected non-HTTP/2 connection.
Sep 27, 2025 12:27:47 PM io.gapi.emulators.netty.NotFoundHandler handleRequest
INFO: Unknown request URI: /requests
Sep 27, 2025 12:27:51 PM io.gapi.emulators.netty.HttpVersionRoutingHandler channelRead
INFO: Detected non-HTTP/2 connection.
Sep 27, 2025 12:27:51 PM io.gapi.emulators.netty.NotFoundHandler handleRequest
INFO: Unknown request URI: /requests
Sep 27, 2025 12:27:55 PM io.gapi.emulators.netty.HttpVersionRoutingHandler channelRead
INFO: Detected non-HTTP/2 connection.
Sep 27, 2025 12:27:55 PM io.gapi.emulators.netty.NotFoundHandler handleRequest
INFO: Unknown request URI: /requests
Sep 27, 2025 12:28:01 PM io.gapi.emulators.netty.HttpVersionRoutingHandler channelRead
INFO: Detected non-HTTP/2 connection.
Sep 27, 2025 12:28:01 PM io.gapi.emulators.netty.NotFoundHandler handleRequest
INFO: Unknown request URI: /requests
Sep 27, 2025 12:28:03 PM io.gapi.emulators.netty.HttpVersionRoutingHandler channelRead
INFO: Detected non-HTTP/2 connection.
Sep 27, 2025 12:28:03 PM io.gapi.emulators.netty.NotFoundHandler handleRequest
INFO: Unknown request URI: /requests
Sep 27, 2025 12:28:07 PM io.gapi.emulators.netty.HttpVersionRoutingHandler channelRead
INFO: Detected non-HTTP/2 connection.
Sep 27, 2025 12:28:07 PM io.gapi.emulators.netty.NotFoundHandler handleRequest
INFO: Unknown request URI: /requests
Sep 27, 2025 12:28:09 PM io.gapi.emulators.netty.HttpVersionRoutingHandler channelRead
INFO: Detected non-HTTP/2 connection.
Sep 27, 2025 12:28:09 PM io.gapi.emulators.netty.NotFoundHandler handleRequest
INFO: Unknown request URI: /requests
Sep 27, 2025 12:28:13 PM io.gapi.emulators.netty.HttpVersionRoutingHandler channelRead
INFO: Detected non-HTTP/2 connection.
Sep 27, 2025 12:28:13 PM io.gapi.emulators.netty.NotFoundHandler handleRequest
INFO: Unknown request URI: /requests
Sep 27, 2025 12:28:18 PM io.gapi.emulators.netty.HttpVersionRoutingHandler channelRead
INFO: Detected non-HTTP/2 connection.
Sep 27, 2025 12:28:18 PM io.gapi.emulators.netty.NotFoundHandler handleRequest
INFO: Unknown request URI: /requests
Sep 27, 2025 12:28:23 PM io.gapi.emulators.netty.HttpVersionRoutingHandler channelRead
INFO: Detected non-HTTP/2 connection.
Sep 27, 2025 12:28:23 PM io.gapi.emulators.netty.NotFoundHandler handleRequest
INFO: Unknown request URI: /requests
Sep 27, 2025 12:28:26 PM io.gapi.emulators.netty.HttpVersionRoutingHandler channelRead
INFO: Detected non-HTTP/2 connection.
Sep 27, 2025 12:28:26 PM io.gapi.emulators.netty.NotFoundHandler handleRequest
INFO: Unknown request URI: /requests
Sep 27, 2025 12:28:30 PM io.gapi.emulators.netty.HttpVersionRoutingHandler channelRead
INFO: Detected non-HTTP/2 connection.
Sep 27, 2025 12:28:30 PM io.gapi.emulators.netty.NotFoundHandler handleRequest
INFO: Unknown request URI: /requests
Sep 27, 2025 12:28:33 PM io.gapi.emulators.netty.HttpVersionRoutingHandler channelRead
INFO: Detected non-HTTP/2 connection.
Sep 27, 2025 12:28:33 PM io.gapi.emulators.netty.NotFoundHandler handleRequest
INFO: Unknown request URI: /requests
Sep 27, 2025 12:28:38 PM io.gapi.emulators.netty.HttpVersionRoutingHandler channelRead
INFO: Detected non-HTTP/2 connection.
Sep 27, 2025 12:28:38 PM io.gapi.emulators.netty.NotFoundHandler handleRequest
INFO: Unknown request URI: /requests
Sep 27, 2025 12:28:44 PM io.gapi.emulators.netty.HttpVersionRoutingHandler channelRead
INFO: Detected non-HTTP/2 connection.
Sep 27, 2025 12:28:44 PM io.gapi.emulators.netty.NotFoundHandler handleRequest
INFO: Unknown request URI: /requests
Sep 27, 2025 12:28:49 PM io.gapi.emulators.netty.HttpVersionRoutingHandler channelRead
INFO: Detected non-HTTP/2 connection.
Sep 27, 2025 12:28:49 PM io.gapi.emulators.netty.NotFoundHandler handleRequest
INFO: Unknown request URI: /requests
Sep 27, 2025 12:28:51 PM io.gapi.emulators.netty.HttpVersionRoutingHandler channelRead
INFO: Detected non-HTTP/2 connection.
Sep 27, 2025 12:28:51 PM io.gapi.emulators.netty.NotFoundHandler handleRequest
INFO: Unknown request URI: /requests
Sep 27, 2025 12:28:57 PM io.gapi.emulators.netty.HttpVersionRoutingHandler channelRead
INFO: Detected non-HTTP/2 connection.
Sep 27, 2025 12:28:57 PM io.gapi.emulators.netty.NotFoundHandler handleRequest
INFO: Unknown request URI: /requests
Sep 27, 2025 12:29:00 PM io.gapi.emulators.netty.HttpVersionRoutingHandler channelRead
INFO: Detected non-HTTP/2 connection.
Sep 27, 2025 12:29:00 PM io.gapi.emulators.netty.NotFoundHandler handleRequest
INFO: Unknown request URI: /requests
Sep 27, 2025 12:29:02 PM io.gapi.emulators.netty.HttpVersionRoutingHandler channelRead
INFO: Detected non-HTTP/2 connection.
Sep 27, 2025 12:29:02 PM io.gapi.emulators.netty.NotFoundHandler handleRequest
INFO: Unknown request URI: /requests
Sep 27, 2025 12:29:07 PM io.gapi.emulators.netty.HttpVersionRoutingHandler channelRead
INFO: Detected non-HTTP/2 connection.
Sep 27, 2025 12:29:07 PM io.gapi.emulators.netty.NotFoundHandler handleRequest
INFO: Unknown request URI: /requests
Sep 27, 2025 12:29:11 PM io.gapi.emulators.netty.HttpVersionRoutingHandler channelRead
INFO: Detected non-HTTP/2 connection.
Sep 27, 2025 12:29:12 PM io.gapi.emulators.netty.NotFoundHandler handleRequest
INFO: Unknown request URI: /requests
Sep 27, 2025 12:29:14 PM io.gapi.emulators.netty.HttpVersionRoutingHandler channelRead
INFO: Detected non-HTTP/2 connection.
Sep 27, 2025 12:29:14 PM io.gapi.emulators.netty.NotFoundHandler handleRequest
INFO: Unknown request URI: /requests
Sep 27, 2025 12:29:17 PM io.gapi.emulators.netty.HttpVersionRoutingHandler channelRead
INFO: Detected non-HTTP/2 connection.
Sep 27, 2025 12:29:17 PM io.gapi.emulators.netty.NotFoundHandler handleRequest
INFO: Unknown request URI: /requests
Sep 27, 2025 12:29:19 PM io.gapi.emulators.netty.HttpVersionRoutingHandler channelRead
INFO: Detected non-HTTP/2 connection.
Sep 27, 2025 12:29:19 PM io.gapi.emulators.netty.NotFoundHandler handleRequest
INFO: Unknown request URI: /requests
Sep 27, 2025 12:29:22 PM io.gapi.emulators.netty.HttpVersionRoutingHandler channelRead
INFO: Detected non-HTTP/2 connection.
Sep 27, 2025 12:29:22 PM io.gapi.emulators.netty.NotFoundHandler handleRequest
INFO: Unknown request URI: /requests
Sep 27, 2025 12:29:26 PM io.gapi.emulators.netty.HttpVersionRoutingHandler channelRead
INFO: Detected non-HTTP/2 connection.
Sep 27, 2025 12:29:26 PM io.gapi.emulators.netty.NotFoundHandler handleRequest
INFO: Unknown request URI: /requests
Sep 27, 2025 12:29:31 PM io.gapi.emulators.netty.HttpVersionRoutingHandler channelRead
INFO: Detected non-HTTP/2 connection.
Sep 27, 2025 12:29:31 PM io.gapi.emulators.netty.NotFoundHandler handleRequest
INFO: Unknown request URI: /requests
Sep 27, 2025 12:29:34 PM io.gapi.emulators.netty.HttpVersionRoutingHandler channelRead
INFO: Detected non-HTTP/2 connection.
Sep 27, 2025 12:29:34 PM io.gapi.emulators.netty.NotFoundHandler handleRequest
INFO: Unknown request URI: /requests
Sep 27, 2025 12:29:38 PM io.gapi.emulators.netty.HttpVersionRoutingHandler channelRead
INFO: Detected non-HTTP/2 connection.
Sep 27, 2025 12:29:38 PM io.gapi.emulators.netty.NotFoundHandler handleRequest
INFO: Unknown request URI: /requests
Sep 27, 2025 12:29:44 PM io.gapi.emulators.netty.HttpVersionRoutingHandler channelRead
INFO: Detected non-HTTP/2 connection.
Sep 27, 2025 12:29:44 PM io.gapi.emulators.netty.NotFoundHandler handleRequest
INFO: Unknown request URI: /requests
Sep 27, 2025 12:29:46 PM io.gapi.emulators.netty.HttpVersionRoutingHandler channelRead
INFO: Detected non-HTTP/2 connection.
Sep 27, 2025 12:29:46 PM io.gapi.emulators.netty.NotFoundHandler handleRequest
INFO: Unknown request URI: /requests
Sep 27, 2025 12:29:51 PM io.gapi.emulators.netty.HttpVersionRoutingHandler channelRead
INFO: Detected non-HTTP/2 connection.
Sep 27, 2025 12:29:51 PM io.gapi.emulators.netty.NotFoundHandler handleRequest
INFO: Unknown request URI: /requests
Sep 27, 2025 12:29:54 PM io.gapi.emulators.netty.HttpVersionRoutingHandler channelRead
INFO: Detected non-HTTP/2 connection.
Sep 27, 2025 12:29:54 PM io.gapi.emulators.netty.NotFoundHandler handleRequest
INFO: Unknown request URI: /requests
Sep 27, 2025 12:29:56 PM io.gapi.emulators.netty.HttpVersionRoutingHandler channelRead
INFO: Detected non-HTTP/2 connection.
Sep 27, 2025 12:29:56 PM io.gapi.emulators.netty.NotFoundHandler handleRequest
INFO: Unknown request URI: /requests
Sep 27, 2025 12:29:58 PM io.gapi.emulators.netty.HttpVersionRoutingHandler channelRead
INFO: Detected non-HTTP/2 connection.
Sep 27, 2025 12:29:58 PM io.gapi.emulators.netty.NotFoundHandler handleRequest
INFO: Unknown request URI: /requests
Sep 27, 2025 12:30:01 PM io.gapi.emulators.netty.HttpVersionRoutingHandler channelRead
INFO: Detected non-HTTP/2 connection.
Sep 27, 2025 12:30:01 PM io.gapi.emulators.netty.NotFoundHandler handleRequest
INFO: Unknown request URI: /requests
Sep 27, 2025 12:30:06 PM io.gapi.emulators.netty.HttpVersionRoutingHandler channelRead
INFO: Detected non-HTTP/2 connection.
Sep 27, 2025 12:30:06 PM io.gapi.emulators.netty.NotFoundHandler handleRequest
INFO: Unknown request URI: /requests
Sep 27, 2025 12:30:12 PM io.gapi.emulators.netty.HttpVersionRoutingHandler channelRead
INFO: Detected non-HTTP/2 connection.
Sep 27, 2025 12:30:12 PM io.gapi.emulators.netty.NotFoundHandler handleRequest
INFO: Unknown request URI: /requests
Sep 27, 2025 12:30:16 PM io.gapi.emulators.netty.HttpVersionRoutingHandler channelRead
INFO: Detected non-HTTP/2 connection.
Sep 27, 2025 12:30:16 PM io.gapi.emulators.netty.NotFoundHandler handleRequest
INFO: Unknown request URI: /requests
Sep 27, 2025 12:30:22 PM io.gapi.emulators.netty.HttpVersionRoutingHandler channelRead
INFO: Detected non-HTTP/2 connection.
Sep 27, 2025 12:30:22 PM io.gapi.emulators.netty.NotFoundHandler handleRequest
INFO: Unknown request URI: /requests
Sep 27, 2025 12:30:27 PM io.gapi.emulators.netty.HttpVersionRoutingHandler channelRead
INFO: Detected non-HTTP/2 connection.
Sep 27, 2025 12:30:27 PM io.gapi.emulators.netty.NotFoundHandler handleRequest
INFO: Unknown request URI: /requests
Sep 27, 2025 12:30:30 PM io.gapi.emulators.netty.HttpVersionRoutingHandler channelRead
INFO: Detected non-HTTP/2 connection.
Sep 27, 2025 12:30:30 PM io.gapi.emulators.netty.NotFoundHandler handleRequest
INFO: Unknown request URI: /requests
Sep 27, 2025 12:30:35 PM io.gapi.emulators.netty.HttpVersionRoutingHandler channelRead
INFO: Detected non-HTTP/2 connection.
Sep 27, 2025 12:30:35 PM io.gapi.emulators.netty.NotFoundHandler handleRequest
INFO: Unknown request URI: /requests
Sep 27, 2025 12:30:41 PM io.gapi.emulators.netty.HttpVersionRoutingHandler channelRead
INFO: Detected non-HTTP/2 connection.
Sep 27, 2025 12:30:41 PM io.gapi.emulators.netty.NotFoundHandler handleRequest
INFO: Unknown request URI: /requests
Sep 27, 2025 12:30:46 PM io.gapi.emulators.netty.HttpVersionRoutingHandler channelRead
INFO: Detected non-HTTP/2 connection.
Sep 27, 2025 12:30:46 PM io.gapi.emulators.netty.NotFoundHandler handleRequest
INFO: Unknown request URI: /requests
Sep 27, 2025 12:30:48 PM io.gapi.emulators.netty.HttpVersionRoutingHandler channelRead
INFO: Detected non-HTTP/2 connection.
Sep 27, 2025 12:30:48 PM io.gapi.emulators.netty.NotFoundHandler handleRequest
INFO: Unknown request URI: /requests
Sep 27, 2025 12:30:53 PM io.gapi.emulators.netty.HttpVersionRoutingHandler channelRead
INFO: Detected non-HTTP/2 connection.
Sep 27, 2025 12:30:53 PM io.gapi.emulators.netty.NotFoundHandler handleRequest
INFO: Unknown request URI: /requests
Sep 27, 2025 12:30:57 PM io.gapi.emulators.netty.HttpVersionRoutingHandler channelRead
INFO: Detected non-HTTP/2 connection.
Sep 27, 2025 12:30:57 PM io.gapi.emulators.netty.NotFoundHandler handleRequest
INFO: Unknown request URI: /requests
Sep 27, 2025 12:31:01 PM io.gapi.emulators.netty.HttpVersionRoutingHandler channelRead
INFO: Detected non-HTTP/2 connection.
Sep 27, 2025 12:31:01 PM io.gapi.emulators.netty.NotFoundHandler handleRequest
INFO: Unknown request URI: /requests
Sep 27, 2025 12:31:04 PM io.gapi.emulators.netty.HttpVersionRoutingHandler channelRead
INFO: Detected non-HTTP/2 connection.
Sep 27, 2025 12:31:04 PM io.gapi.emulators.netty.NotFoundHandler handleRequest
INFO: Unknown request URI: /requests
Sep 27, 2025 12:31:08 PM io.gapi.emulators.netty.HttpVersionRoutingHandler channelRead
INFO: Detected non-HTTP/2 connection.
Sep 27, 2025 12:31:08 PM io.gapi.emulators.netty.NotFoundHandler handleRequest
INFO: Unknown request URI: /requests
Sep 27, 2025 12:31:10 PM io.gapi.emulators.netty.HttpVersionRoutingHandler channelRead
INFO: Detected non-HTTP/2 connection.
Sep 27, 2025 12:31:10 PM io.gapi.emulators.netty.NotFoundHandler handleRequest
INFO: Unknown request URI: /requests
Sep 27, 2025 12:31:13 PM io.gapi.emulators.netty.HttpVersionRoutingHandler channelRead
INFO: Detected non-HTTP/2 connection.
Sep 27, 2025 12:31:13 PM io.gapi.emulators.netty.NotFoundHandler handleRequest
INFO: Unknown request URI: /requests
Sep 27, 2025 12:31:16 PM io.gapi.emulators.netty.HttpVersionRoutingHandler channelRead
INFO: Detected non-HTTP/2 connection.
Sep 27, 2025 12:31:16 PM io.gapi.emulators.netty.NotFoundHandler handleRequest
INFO: Unknown request URI: /requests
Sep 27, 2025 12:31:19 PM io.gapi.emulators.netty.HttpVersionRoutingHandler channelRead
INFO: Detected non-HTTP/2 connection.
Sep 27, 2025 12:31:19 PM io.gapi.emulators.netty.NotFoundHandler handleRequest
INFO: Unknown request URI: /requests
Sep 27, 2025 12:31:21 PM io.gapi.emulators.netty.HttpVersionRoutingHandler channelRead
INFO: Detected non-HTTP/2 connection.
Sep 27, 2025 12:31:21 PM io.gapi.emulators.netty.NotFoundHandler handleRequest
INFO: Unknown request URI: /requests
Sep 27, 2025 12:31:23 PM io.gapi.emulators.netty.HttpVersionRoutingHandler channelRead
INFO: Detected non-HTTP/2 connection.
Sep 27, 2025 12:31:23 PM io.gapi.emulators.netty.NotFoundHandler handleRequest
INFO: Unknown request URI: /requests
Sep 27, 2025 12:31:27 PM io.gapi.emulators.netty.HttpVersionRoutingHandler channelRead
INFO: Detected non-HTTP/2 connection.
Sep 27, 2025 12:31:27 PM io.gapi.emulators.netty.NotFoundHandler handleRequest
INFO: Unknown request URI: /requests
Sep 27, 2025 12:31:32 PM io.gapi.emulators.netty.HttpVersionRoutingHandler channelRead
INFO: Detected non-HTTP/2 connection.
Sep 27, 2025 12:31:32 PM io.gapi.emulators.netty.NotFoundHandler handleRequest
INFO: Unknown request URI: /requests
Sep 27, 2025 12:31:36 PM io.gapi.emulators.netty.HttpVersionRoutingHandler channelRead
INFO: Detected non-HTTP/2 connection.
Sep 27, 2025 12:31:36 PM io.gapi.emulators.netty.NotFoundHandler handleRequest
INFO: Unknown request URI: /requests
Sep 27, 2025 12:31:41 PM io.gapi.emulators.netty.HttpVersionRoutingHandler channelRead
INFO: Detected non-HTTP/2 connection.
Sep 27, 2025 12:31:41 PM io.gapi.emulators.netty.NotFoundHandler handleRequest
INFO: Unknown request URI: /requests
Sep 27, 2025 12:31:45 PM io.gapi.emulators.netty.HttpVersionRoutingHandler channelRead
INFO: Detected non-HTTP/2 connection.
Sep 27, 2025 12:31:45 PM io.gapi.emulators.netty.NotFoundHandler handleRequest
INFO: Unknown request URI: /requests
Sep 27, 2025 12:31:49 PM io.gapi.emulators.netty.HttpVersionRoutingHandler channelRead
INFO: Detected non-HTTP/2 connection.
Sep 27, 2025 12:31:50 PM io.gapi.emulators.netty.NotFoundHandler handleRequest
INFO: Unknown request URI: /requests
Sep 27, 2025 12:31:53 PM io.gapi.emulators.netty.HttpVersionRoutingHandler channelRead
INFO: Detected non-HTTP/2 connection.
Sep 27, 2025 12:31:53 PM io.gapi.emulators.netty.NotFoundHandler handleRequest
INFO: Unknown request URI: /requests
Sep 27, 2025 12:31:57 PM io.gapi.emulators.netty.HttpVersionRoutingHandler channelRead
INFO: Detected non-HTTP/2 connection.
Sep 27, 2025 12:31:58 PM io.gapi.emulators.netty.NotFoundHandler handleRequest
INFO: Unknown request URI: /requests
Sep 27, 2025 12:32:03 PM io.gapi.emulators.netty.HttpVersionRoutingHandler channelRead
INFO: Detected non-HTTP/2 connection.
Sep 27, 2025 12:32:03 PM io.gapi.emulators.netty.NotFoundHandler handleRequest
INFO: Unknown request URI: /requests
Sep 27, 2025 12:32:06 PM io.gapi.emulators.netty.HttpVersionRoutingHandler channelRead
INFO: Detected non-HTTP/2 connection.
Sep 27, 2025 12:32:06 PM io.gapi.emulators.netty.NotFoundHandler handleRequest
INFO: Unknown request URI: /requests
Sep 27, 2025 12:32:10 PM io.gapi.emulators.netty.HttpVersionRoutingHandler channelRead
INFO: Detected non-HTTP/2 connection.
Sep 27, 2025 12:32:10 PM io.gapi.emulators.netty.NotFoundHandler handleRequest
INFO: Unknown request URI: /requests
Sep 27, 2025 12:32:13 PM io.gapi.emulators.netty.HttpVersionRoutingHandler channelRead
INFO: Detected non-HTTP/2 connection.
Sep 27, 2025 12:32:13 PM io.gapi.emulators.netty.NotFoundHandler handleRequest
INFO: Unknown request URI: /requests
Sep 27, 2025 12:32:18 PM io.gapi.emulators.netty.HttpVersionRoutingHandler channelRead
INFO: Detected non-HTTP/2 connection.
Sep 27, 2025 12:32:18 PM io.gapi.emulators.netty.NotFoundHandler handleRequest
INFO: Unknown request URI: /requests
Sep 27, 2025 12:32:24 PM io.gapi.emulators.netty.HttpVersionRoutingHandler channelRead
INFO: Detected non-HTTP/2 connection.
Sep 27, 2025 12:32:24 PM io.gapi.emulators.netty.NotFoundHandler handleRequest
INFO: Unknown request URI: /requests
Sep 27, 2025 12:32:28 PM io.gapi.emulators.netty.HttpVersionRoutingHandler channelRead
INFO: Detected non-HTTP/2 connection.
Sep 27, 2025 12:32:28 PM io.gapi.emulators.netty.NotFoundHandler handleRequest
INFO: Unknown request URI: /requests
Sep 27, 2025 12:32:33 PM io.gapi.emulators.netty.HttpVersionRoutingHandler channelRead
INFO: Detected non-HTTP/2 connection.
Sep 27, 2025 12:32:33 PM io.gapi.emulators.netty.NotFoundHandler handleRequest
INFO: Unknown request URI: /requests
Sep 27, 2025 12:32:38 PM io.gapi.emulators.netty.HttpVersionRoutingHandler channelRead
INFO: Detected non-HTTP/2 connection.
Sep 27, 2025 12:32:38 PM io.gapi.emulators.netty.NotFoundHandler handleRequest
INFO: Unknown request URI: /requests
Sep 27, 2025 12:32:41 PM io.gapi.emulators.netty.HttpVersionRoutingHandler channelRead
INFO: Detected non-HTTP/2 connection.
Sep 27, 2025 12:32:41 PM io.gapi.emulators.netty.NotFoundHandler handleRequest
INFO: Unknown request URI: /requests
Sep 27, 2025 12:32:44 PM io.gapi.emulators.netty.HttpVersionRoutingHandler channelRead
INFO: Detected non-HTTP/2 connection.
Sep 27, 2025 12:32:44 PM io.gapi.emulators.netty.NotFoundHandler handleRequest
INFO: Unknown request URI: /requests
Sep 27, 2025 12:32:50 PM io.gapi.emulators.netty.HttpVersionRoutingHandler channelRead
INFO: Detected non-HTTP/2 connection.
Sep 27, 2025 12:32:50 PM io.gapi.emulators.netty.NotFoundHandler handleRequest
INFO: Unknown request URI: /requests
Sep 27, 2025 12:32:54 PM io.gapi.emulators.netty.HttpVersionRoutingHandler channelRead
INFO: Detected non-HTTP/2 connection.
Sep 27, 2025 12:32:54 PM io.gapi.emulators.netty.NotFoundHandler handleRequest
INFO: Unknown request URI: /requests
Sep 27, 2025 12:32:58 PM io.gapi.emulators.netty.HttpVersionRoutingHandler channelRead
INFO: Detected non-HTTP/2 connection.
Sep 27, 2025 12:32:58 PM io.gapi.emulators.netty.NotFoundHandler handleRequest
INFO: Unknown request URI: /requests
Sep 27, 2025 12:33:03 PM io.gapi.emulators.netty.HttpVersionRoutingHandler channelRead
INFO: Detected non-HTTP/2 connection.
Sep 27, 2025 12:33:03 PM io.gapi.emulators.netty.NotFoundHandler handleRequest
INFO: Unknown request URI: /requests
Sep 27, 2025 12:33:06 PM io.gapi.emulators.netty.HttpVersionRoutingHandler channelRead
INFO: Detected non-HTTP/2 connection.
Sep 27, 2025 12:33:06 PM io.gapi.emulators.netty.NotFoundHandler handleRequest
INFO: Unknown request URI: /requests
Sep 27, 2025 12:33:11 PM io.gapi.emulators.netty.HttpVersionRoutingHandler channelRead
INFO: Detected non-HTTP/2 connection.
Sep 27, 2025 12:33:11 PM io.gapi.emulators.netty.NotFoundHandler handleRequest
INFO: Unknown request URI: /requests
Sep 27, 2025 12:33:14 PM io.gapi.emulators.netty.HttpVersionRoutingHandler channelRead
INFO: Detected non-HTTP/2 connection.
Sep 27, 2025 12:33:14 PM io.gapi.emulators.netty.NotFoundHandler handleRequest
INFO: Unknown request URI: /requests
Sep 27, 2025 12:33:18 PM io.gapi.emulators.netty.HttpVersionRoutingHandler channelRead
INFO: Detected non-HTTP/2 connection.
Sep 27, 2025 12:33:18 PM io.gapi.emulators.netty.NotFoundHandler handleRequest
INFO: Unknown request URI: /requests
Sep 27, 2025 12:33:20 PM io.gapi.emulators.netty.HttpVersionRoutingHandler channelRead
INFO: Detected non-HTTP/2 connection.
Sep 27, 2025 12:33:20 PM io.gapi.emulators.netty.NotFoundHandler handleRequest
INFO: Unknown request URI: /requests
Sep 27, 2025 12:33:23 PM io.gapi.emulators.netty.HttpVersionRoutingHandler channelRead
INFO: Detected non-HTTP/2 connection.
Sep 27, 2025 12:33:23 PM io.gapi.emulators.netty.NotFoundHandler handleRequest
INFO: Unknown request URI: /requests
Sep 27, 2025 12:33:28 PM io.gapi.emulators.netty.HttpVersionRoutingHandler channelRead
INFO: Detected non-HTTP/2 connection.
Sep 27, 2025 12:33:28 PM io.gapi.emulators.netty.NotFoundHandler handleRequest
INFO: Unknown request URI: /requests
Sep 27, 2025 12:33:30 PM io.gapi.emulators.netty.HttpVersionRoutingHandler channelRead
INFO: Detected non-HTTP/2 connection.
Sep 27, 2025 12:33:30 PM io.gapi.emulators.netty.NotFoundHandler handleRequest
INFO: Unknown request URI: /requests
Sep 27, 2025 12:33:34 PM io.gapi.emulators.netty.HttpVersionRoutingHandler channelRead
INFO: Detected non-HTTP/2 connection.
Sep 27, 2025 12:33:34 PM io.gapi.emulators.netty.NotFoundHandler handleRequest
INFO: Unknown request URI: /requests
Sep 27, 2025 12:33:39 PM io.gapi.emulators.netty.HttpVersionRoutingHandler channelRead
INFO: Detected non-HTTP/2 connection.
Sep 27, 2025 12:33:39 PM io.gapi.emulators.netty.NotFoundHandler handleRequest
INFO: Unknown request URI: /requests
Sep 27, 2025 12:33:44 PM io.gapi.emulators.netty.HttpVersionRoutingHandler channelRead
INFO: Detected non-HTTP/2 connection.
Sep 27, 2025 12:33:44 PM io.gapi.emulators.netty.NotFoundHandler handleRequest
INFO: Unknown request URI: /requests
Sep 27, 2025 12:33:46 PM io.gapi.emulators.netty.HttpVersionRoutingHandler channelRead
INFO: Detected non-HTTP/2 connection.
Sep 27, 2025 12:33:46 PM io.gapi.emulators.netty.NotFoundHandler handleRequest
INFO: Unknown request URI: /requests
Sep 27, 2025 12:33:49 PM io.gapi.emulators.netty.HttpVersionRoutingHandler channelRead
INFO: Detected non-HTTP/2 connection.
Sep 27, 2025 12:33:49 PM io.gapi.emulators.netty.NotFoundHandler handleRequest
INFO: Unknown request URI: /requests
Sep 27, 2025 12:33:54 PM io.gapi.emulators.netty.HttpVersionRoutingHandler channelRead
INFO: Detected non-HTTP/2 connection.
Sep 27, 2025 12:33:54 PM io.gapi.emulators.netty.NotFoundHandler handleRequest
INFO: Unknown request URI: /requests
Sep 27, 2025 12:34:00 PM io.gapi.emulators.netty.HttpVersionRoutingHandler channelRead
INFO: Detected non-HTTP/2 connection.
Sep 27, 2025 12:34:00 PM io.gapi.emulators.netty.NotFoundHandler handleRequest
INFO: Unknown request URI: /requests
Sep 27, 2025 12:34:04 PM io.gapi.emulators.netty.HttpVersionRoutingHandler channelRead
INFO: Detected non-HTTP/2 connection.
Sep 27, 2025 12:34:04 PM io.gapi.emulators.netty.NotFoundHandler handleRequest
INFO: Unknown request URI: /requests
Sep 27, 2025 12:34:08 PM io.gapi.emulators.netty.HttpVersionRoutingHandler channelRead
INFO: Detected non-HTTP/2 connection.
Sep 27, 2025 12:34:08 PM io.gapi.emulators.netty.NotFoundHandler handleRequest
INFO: Unknown request URI: /requests
Sep 27, 2025 12:34:12 PM io.gapi.emulators.netty.HttpVersionRoutingHandler channelRead
INFO: Detected non-HTTP/2 connection.
Sep 27, 2025 12:34:12 PM io.gapi.emulators.netty.NotFoundHandler handleRequest
INFO: Unknown request URI: /requests
Sep 27, 2025 12:34:15 PM io.gapi.emulators.netty.HttpVersionRoutingHandler channelRead
INFO: Detected non-HTTP/2 connection.
Sep 27, 2025 12:34:15 PM io.gapi.emulators.netty.NotFoundHandler handleRequest
INFO: Unknown request URI: /requests
Sep 27, 2025 12:34:20 PM io.gapi.emulators.netty.HttpVersionRoutingHandler channelRead
INFO: Detected non-HTTP/2 connection.
Sep 27, 2025 12:34:20 PM io.gapi.emulators.netty.NotFoundHandler handleRequest
INFO: Unknown request URI: /requests
Sep 27, 2025 12:34:24 PM io.gapi.emulators.netty.HttpVersionRoutingHandler channelRead
INFO: Detected non-HTTP/2 connection.
Sep 27, 2025 12:34:24 PM io.gapi.emulators.netty.NotFoundHandler handleRequest
INFO: Unknown request URI: /requests
Sep 27, 2025 12:34:28 PM io.gapi.emulators.netty.HttpVersionRoutingHandler channelRead
INFO: Detected non-HTTP/2 connection.
Sep 27, 2025 12:34:28 PM io.gapi.emulators.netty.NotFoundHandler handleRequest
INFO: Unknown request URI: /requests
Sep 27, 2025 12:34:31 PM io.gapi.emulators.netty.HttpVersionRoutingHandler channelRead
INFO: Detected non-HTTP/2 connection.
Sep 27, 2025 12:34:31 PM io.gapi.emulators.netty.NotFoundHandler handleRequest
INFO: Unknown request URI: /requests
Sep 27, 2025 12:34:33 PM io.gapi.emulators.netty.HttpVersionRoutingHandler channelRead
INFO: Detected non-HTTP/2 connection.
Sep 27, 2025 12:34:33 PM io.gapi.emulators.netty.NotFoundHandler handleRequest
INFO: Unknown request URI: /requests
Sep 27, 2025 12:34:38 PM io.gapi.emulators.netty.HttpVersionRoutingHandler channelRead
INFO: Detected non-HTTP/2 connection.
Sep 27, 2025 12:34:38 PM io.gapi.emulators.netty.NotFoundHandler handleRequest
INFO: Unknown request URI: /requests
Sep 27, 2025 12:34:44 PM io.gapi.emulators.netty.HttpVersionRoutingHandler channelRead
INFO: Detected non-HTTP/2 connection.
Sep 27, 2025 12:34:44 PM io.gapi.emulators.netty.NotFoundHandler handleRequest
INFO: Unknown request URI: /requests
Sep 27, 2025 12:34:49 PM io.gapi.emulators.netty.HttpVersionRoutingHandler channelRead
INFO: Detected non-HTTP/2 connection.
Sep 27, 2025 12:34:49 PM io.gapi.emulators.netty.NotFoundHandler handleRequest
INFO: Unknown request URI: /requests
Sep 27, 2025 12:34:52 PM io.gapi.emulators.netty.HttpVersionRoutingHandler channelRead
INFO: Detected non-HTTP/2 connection.
Sep 27, 2025 12:34:52 PM io.gapi.emulators.netty.NotFoundHandler handleRequest
INFO: Unknown request URI: /requests
Sep 27, 2025 12:34:56 PM io.gapi.emulators.netty.HttpVersionRoutingHandler channelRead
INFO: Detected non-HTTP/2 connection.
Sep 27, 2025 12:34:56 PM io.gapi.emulators.netty.NotFoundHandler handleRequest
INFO: Unknown request URI: /requests
Sep 27, 2025 12:35:01 PM io.gapi.emulators.netty.HttpVersionRoutingHandler channelRead
INFO: Detected non-HTTP/2 connection.
Sep 27, 2025 12:35:01 PM io.gapi.emulators.netty.NotFoundHandler handleRequest
INFO: Unknown request URI: /requests
Sep 27, 2025 12:35:06 PM io.gapi.emulators.netty.HttpVersionRoutingHandler channelRead
INFO: Detected non-HTTP/2 connection.
Sep 27, 2025 12:35:06 PM io.gapi.emulators.netty.NotFoundHandler handleRequest
INFO: Unknown request URI: /requests
Sep 27, 2025 12:35:10 PM io.gapi.emulators.netty.HttpVersionRoutingHandler channelRead
INFO: Detected non-HTTP/2 connection.
Sep 27, 2025 12:35:10 PM io.gapi.emulators.netty.NotFoundHandler handleRequest
INFO: Unknown request URI: /requests
Sep 27, 2025 12:35:11 PM io.gapi.emulators.netty.HttpVersionRoutingHandler channelRead
INFO: Detected non-HTTP/2 connection.
Sep 27, 2025 12:35:11 PM io.gapi.emulators.netty.NotFoundHandler handleRequest
INFO: Unknown request URI: /requests
Sep 27, 2025 12:35:12 PM io.gapi.emulators.netty.HttpVersionRoutingHandler channelRead
INFO: Detected non-HTTP/2 connection.
Sep 27, 2025 12:35:12 PM io.gapi.emulators.netty.NotFoundHandler handleRequest
INFO: Unknown request URI: /requests
Sep 27, 2025 12:35:13 PM io.gapi.emulators.netty.HttpVersionRoutingHandler channelRead
INFO: Detected non-HTTP/2 connection.
Sep 27, 2025 12:35:13 PM io.gapi.emulators.netty.NotFoundHandler handleRequest
INFO: Unknown request URI: /requests
Sep 27, 2025 12:35:14 PM io.gapi.emulators.netty.HttpVersionRoutingHandler channelRead
INFO: Detected non-HTTP/2 connection.
Sep 27, 2025 12:35:14 PM io.gapi.emulators.netty.NotFoundHandler handleRequest
INFO: Unknown request URI: /requests
Sep 27, 2025 12:35:15 PM io.gapi.emulators.netty.HttpVersionRoutingHandler channelRead
INFO: Detected non-HTTP/2 connection.
Sep 27, 2025 12:35:15 PM io.gapi.emulators.netty.NotFoundHandler handleRequest
INFO: Unknown request URI: /requests
Sep 27, 2025 12:35:16 PM io.gapi.emulators.netty.HttpVersionRoutingHandler channelRead
INFO: Detected non-HTTP/2 connection.
Sep 27, 2025 12:35:16 PM io.gapi.emulators.netty.NotFoundHandler handleRequest
INFO: Unknown request URI: /requests
Sep 27, 2025 12:35:17 PM io.gapi.emulators.netty.HttpVersionRoutingHandler channelRead
INFO: Detected non-HTTP/2 connection.
Sep 27, 2025 12:35:17 PM io.gapi.emulators.netty.NotFoundHandler handleRequest
INFO: Unknown request URI: /requests
Sep 27, 2025 12:35:18 PM io.gapi.emulators.netty.HttpVersionRoutingHandler channelRead
INFO: Detected non-HTTP/2 connection.
Sep 27, 2025 12:35:18 PM io.gapi.emulators.netty.NotFoundHandler handleRequest
INFO: Unknown request URI: /requests
Sep 27, 2025 12:35:19 PM io.gapi.emulators.netty.HttpVersionRoutingHandler channelRead
INFO: Detected non-HTTP/2 connection.
Sep 27, 2025 12:35:19 PM io.gapi.emulators.netty.NotFoundHandler handleRequest
INFO: Unknown request URI: /requests
Sep 27, 2025 12:35:20 PM io.gapi.emulators.netty.HttpVersionRoutingHandler channelRead
INFO: Detected non-HTTP/2 connection.
Sep 27, 2025 12:35:20 PM io.gapi.emulators.netty.NotFoundHandler handleRequest
INFO: Unknown request URI: /requests
Sep 27, 2025 12:35:21 PM io.gapi.emulators.netty.HttpVersionRoutingHandler channelRead
INFO: Detected non-HTTP/2 connection.
Sep 27, 2025 12:35:21 PM io.gapi.emulators.netty.NotFoundHandler handleRequest
INFO: Unknown request URI: /requests
Sep 27, 2025 12:35:22 PM io.gapi.emulators.netty.HttpVersionRoutingHandler channelRead
INFO: Detected non-HTTP/2 connection.
Sep 27, 2025 12:35:22 PM io.gapi.emulators.netty.NotFoundHandler handleRequest
INFO: Unknown request URI: /requests
Sep 27, 2025 12:35:23 PM io.gapi.emulators.netty.HttpVersionRoutingHandler channelRead
INFO: Detected non-HTTP/2 connection.
Sep 27, 2025 12:35:23 PM io.gapi.emulators.netty.NotFoundHandler handleRequest
INFO: Unknown request URI: /requests
Sep 27, 2025 12:35:25 PM io.gapi.emulators.netty.HttpVersionRoutingHandler channelRead
INFO: Detected non-HTTP/2 connection.
Sep 27, 2025 12:35:25 PM io.gapi.emulators.netty.NotFoundHandler handleRequest
INFO: Unknown request URI: /requests
Sep 27, 2025 12:35:26 PM io.gapi.emulators.netty.HttpVersionRoutingHandler channelRead
INFO: Detected non-HTTP/2 connection.
Sep 27, 2025 12:35:26 PM io.gapi.emulators.netty.NotFoundHandler handleRequest
INFO: Unknown request URI: /requests
Sep 27, 2025 12:35:29 PM io.gapi.emulators.netty.HttpVersionRoutingHandler channelRead
INFO: Detected non-HTTP/2 connection.
Sep 27, 2025 12:35:29 PM io.gapi.emulators.netty.NotFoundHandler handleRequest
INFO: Unknown request URI: /requests
Sep 27, 2025 12:35:31 PM io.gapi.emulators.netty.HttpVersionRoutingHandler channelRead
INFO: Detected non-HTTP/2 connection.
Sep 27, 2025 12:35:31 PM io.gapi.emulators.netty.NotFoundHandler handleRequest
INFO: Unknown request URI: /requests
Sep 27, 2025 12:35:35 PM io.gapi.emulators.netty.HttpVersionRoutingHandler channelRead
INFO: Detected non-HTTP/2 connection.
Sep 27, 2025 12:35:35 PM io.gapi.emulators.netty.NotFoundHandler handleRequest
INFO: Unknown request URI: /requests
Sep 27, 2025 12:35:37 PM io.gapi.emulators.netty.HttpVersionRoutingHandler channelRead
INFO: Detected non-HTTP/2 connection.
Sep 27, 2025 12:35:37 PM io.gapi.emulators.netty.NotFoundHandler handleRequest
INFO: Unknown request URI: /requests
Sep 27, 2025 12:35:41 PM io.gapi.emulators.netty.HttpVersionRoutingHandler channelRead
INFO: Detected non-HTTP/2 connection.
Sep 27, 2025 12:35:41 PM io.gapi.emulators.netty.NotFoundHandler handleRequest
INFO: Unknown request URI: /requests
Sep 27, 2025 12:35:45 PM io.gapi.emulators.netty.HttpVersionRoutingHandler channelRead
INFO: Detected non-HTTP/2 connection.
Sep 27, 2025 12:35:45 PM io.gapi.emulators.netty.NotFoundHandler handleRequest
INFO: Unknown request URI: /requests
Sep 27, 2025 12:35:49 PM io.gapi.emulators.netty.HttpVersionRoutingHandler channelRead
INFO: Detected non-HTTP/2 connection.
Sep 27, 2025 12:35:49 PM io.gapi.emulators.netty.NotFoundHandler handleRequest
INFO: Unknown request URI: /requests
Sep 27, 2025 12:35:53 PM io.gapi.emulators.netty.HttpVersionRoutingHandler channelRead
INFO: Detected non-HTTP/2 connection.
Sep 27, 2025 12:35:53 PM io.gapi.emulators.netty.NotFoundHandler handleRequest
INFO: Unknown request URI: /requests
Sep 27, 2025 12:35:57 PM io.gapi.emulators.netty.HttpVersionRoutingHandler channelRead
INFO: Detected non-HTTP/2 connection.
Sep 27, 2025 12:35:57 PM io.gapi.emulators.netty.NotFoundHandler handleRequest
INFO: Unknown request URI: /requests
Sep 27, 2025 12:36:01 PM io.gapi.emulators.netty.HttpVersionRoutingHandler channelRead
INFO: Detected non-HTTP/2 connection.
Sep 27, 2025 12:36:01 PM io.gapi.emulators.netty.NotFoundHandler handleRequest
INFO: Unknown request URI: /requests
Sep 27, 2025 12:36:05 PM io.gapi.emulators.netty.HttpVersionRoutingHandler channelRead
INFO: Detected non-HTTP/2 connection.
Sep 27, 2025 12:36:05 PM io.gapi.emulators.netty.NotFoundHandler handleRequest
INFO: Unknown request URI: /requests
Sep 27, 2025 12:36:10 PM io.gapi.emulators.netty.HttpVersionRoutingHandler channelRead
INFO: Detected non-HTTP/2 connection.
Sep 27, 2025 12:36:10 PM io.gapi.emulators.netty.NotFoundHandler handleRequest
INFO: Unknown request URI: /requests
Sep 27, 2025 12:36:12 PM io.gapi.emulators.netty.HttpVersionRoutingHandler channelRead
INFO: Detected non-HTTP/2 connection.
Sep 27, 2025 12:36:12 PM io.gapi.emulators.netty.NotFoundHandler handleRequest
INFO: Unknown request URI: /requests
Sep 27, 2025 12:36:13 PM io.gapi.emulators.netty.HttpVersionRoutingHandler channelRead
INFO: Detected non-HTTP/2 connection.
Sep 27, 2025 12:36:13 PM io.gapi.emulators.netty.NotFoundHandler handleRequest
INFO: Unknown request URI: /requests
Sep 27, 2025 12:36:19 PM io.gapi.emulators.netty.HttpVersionRoutingHandler channelRead
INFO: Detected non-HTTP/2 connection.
Sep 27, 2025 12:36:19 PM io.gapi.emulators.netty.NotFoundHandler handleRequest
INFO: Unknown request URI: /requests
Sep 27, 2025 12:36:20 PM io.gapi.emulators.netty.HttpVersionRoutingHandler channelRead
INFO: Detected non-HTTP/2 connection.
Sep 27, 2025 12:36:20 PM io.gapi.emulators.netty.NotFoundHandler handleRequest
INFO: Unknown request URI: /requests
Sep 27, 2025 12:36:23 PM io.gapi.emulators.netty.HttpVersionRoutingHandler channelRead
INFO: Detected non-HTTP/2 connection.
Sep 27, 2025 12:36:23 PM io.gapi.emulators.netty.NotFoundHandler handleRequest
INFO: Unknown request URI: /requests
Sep 27, 2025 12:36:25 PM io.gapi.emulators.netty.HttpVersionRoutingHandler channelRead
INFO: Detected non-HTTP/2 connection.
Sep 27, 2025 12:36:25 PM io.gapi.emulators.netty.NotFoundHandler handleRequest
INFO: Unknown request URI: /requests
Sep 27, 2025 12:36:28 PM io.gapi.emulators.netty.HttpVersionRoutingHandler channelRead
INFO: Detected non-HTTP/2 connection.
Sep 27, 2025 12:36:28 PM io.gapi.emulators.netty.NotFoundHandler handleRequest
INFO: Unknown request URI: /requests
Sep 27, 2025 12:36:32 PM io.gapi.emulators.netty.HttpVersionRoutingHandler channelRead
INFO: Detected non-HTTP/2 connection.
Sep 27, 2025 12:36:32 PM io.gapi.emulators.netty.NotFoundHandler handleRequest
INFO: Unknown request URI: /requests
Sep 27, 2025 12:36:36 PM io.gapi.emulators.netty.HttpVersionRoutingHandler channelRead
INFO: Detected non-HTTP/2 connection.
Sep 27, 2025 12:36:36 PM io.gapi.emulators.netty.NotFoundHandler handleRequest
INFO: Unknown request URI: /requests
Sep 27, 2025 12:36:40 PM io.gapi.emulators.netty.HttpVersionRoutingHandler channelRead
INFO: Detected non-HTTP/2 connection.
Sep 27, 2025 12:36:40 PM io.gapi.emulators.netty.NotFoundHandler handleRequest
INFO: Unknown request URI: /requests
Sep 27, 2025 12:36:45 PM io.gapi.emulators.netty.HttpVersionRoutingHandler channelRead
INFO: Detected non-HTTP/2 connection.
Sep 27, 2025 12:36:45 PM io.gapi.emulators.netty.NotFoundHandler handleRequest
INFO: Unknown request URI: /requests
Sep 27, 2025 12:36:50 PM io.gapi.emulators.netty.HttpVersionRoutingHandler channelRead
INFO: Detected non-HTTP/2 connection.
Sep 27, 2025 12:36:50 PM io.gapi.emulators.netty.NotFoundHandler handleRequest
INFO: Unknown request URI: /requests
Sep 27, 2025 12:36:55 PM io.gapi.emulators.netty.HttpVersionRoutingHandler channelRead
INFO: Detected non-HTTP/2 connection.
Sep 27, 2025 12:36:55 PM io.gapi.emulators.netty.NotFoundHandler handleRequest
INFO: Unknown request URI: /requests
Sep 27, 2025 12:36:56 PM io.gapi.emulators.netty.HttpVersionRoutingHandler channelRead
INFO: Detected non-HTTP/2 connection.
Sep 27, 2025 12:36:56 PM io.gapi.emulators.netty.NotFoundHandler handleRequest
INFO: Unknown request URI: /requests
Sep 27, 2025 12:37:02 PM io.gapi.emulators.netty.HttpVersionRoutingHandler channelRead
INFO: Detected non-HTTP/2 connection.
Sep 27, 2025 12:37:02 PM io.gapi.emulators.netty.NotFoundHandler handleRequest
INFO: Unknown request URI: /requests
Sep 27, 2025 12:37:06 PM io.gapi.emulators.netty.HttpVersionRoutingHandler channelRead
INFO: Detected non-HTTP/2 connection.
Sep 27, 2025 12:37:06 PM io.gapi.emulators.netty.NotFoundHandler handleRequest
INFO: Unknown request URI: /requests
Sep 27, 2025 12:37:09 PM io.gapi.emulators.netty.HttpVersionRoutingHandler channelRead
INFO: Detected non-HTTP/2 connection.
Sep 27, 2025 12:37:09 PM io.gapi.emulators.netty.NotFoundHandler handleRequest
INFO: Unknown request URI: /requests
Sep 27, 2025 12:37:12 PM io.gapi.emulators.netty.HttpVersionRoutingHandler channelRead
INFO: Detected non-HTTP/2 connection.
Sep 27, 2025 12:37:12 PM io.gapi.emulators.netty.NotFoundHandler handleRequest
INFO: Unknown request URI: /requests
Sep 27, 2025 12:37:16 PM io.gapi.emulators.netty.HttpVersionRoutingHandler channelRead
INFO: Detected non-HTTP/2 connection.
Sep 27, 2025 12:37:16 PM io.gapi.emulators.netty.NotFoundHandler handleRequest
INFO: Unknown request URI: /requests
Sep 27, 2025 12:37:36 PM io.gapi.emulators.netty.HttpVersionRoutingHandler channelRead
INFO: Detected non-HTTP/2 connection.
Sep 27, 2025 12:37:36 PM io.gapi.emulators.netty.NotFoundHandler handleRequest
INFO: Unknown request URI: /requests
Sep 27, 2025 12:37:38 PM io.gapi.emulators.netty.HttpVersionRoutingHandler channelRead
INFO: Detected non-HTTP/2 connection.
Sep 27, 2025 12:37:38 PM io.gapi.emulators.netty.NotFoundHandler handleRequest
INFO: Unknown request URI: /requests
Sep 27, 2025 12:37:41 PM io.gapi.emulators.netty.HttpVersionRoutingHandler channelRead
INFO: Detected non-HTTP/2 connection.
Sep 27, 2025 12:37:41 PM io.gapi.emulators.netty.NotFoundHandler handleRequest
INFO: Unknown request URI: /requests
Sep 27, 2025 12:37:47 PM io.gapi.emulators.netty.HttpVersionRoutingHandler channelRead
INFO: Detected non-HTTP/2 connection.
Sep 27, 2025 12:37:47 PM io.gapi.emulators.netty.NotFoundHandler handleRequest
INFO: Unknown request URI: /requests
Sep 27, 2025 12:37:48 PM io.gapi.emulators.netty.HttpVersionRoutingHandler channelRead
INFO: Detected non-HTTP/2 connection.
Sep 27, 2025 12:37:48 PM io.gapi.emulators.netty.NotFoundHandler handleRequest
INFO: Unknown request URI: /requests
Sep 27, 2025 12:37:53 PM io.gapi.emulators.netty.HttpVersionRoutingHandler channelRead
INFO: Detected non-HTTP/2 connection.
Sep 27, 2025 12:37:53 PM io.gapi.emulators.netty.NotFoundHandler handleRequest
INFO: Unknown request URI: /requests
Sep 27, 2025 12:37:57 PM io.gapi.emulators.netty.HttpVersionRoutingHandler channelRead
INFO: Detected non-HTTP/2 connection.
Sep 27, 2025 12:37:57 PM io.gapi.emulators.netty.NotFoundHandler handleRequest
INFO: Unknown request URI: /requests
Sep 27, 2025 12:38:01 PM io.gapi.emulators.netty.HttpVersionRoutingHandler channelRead
INFO: Detected non-HTTP/2 connection.
Sep 27, 2025 12:38:01 PM io.gapi.emulators.netty.NotFoundHandler handleRequest
INFO: Unknown request URI: /requests
Sep 27, 2025 12:38:04 PM io.gapi.emulators.netty.HttpVersionRoutingHandler channelRead
INFO: Detected non-HTTP/2 connection.
Sep 27, 2025 12:38:04 PM io.gapi.emulators.netty.NotFoundHandler handleRequest
INFO: Unknown request URI: /requests
Sep 27, 2025 12:38:08 PM io.gapi.emulators.netty.HttpVersionRoutingHandler channelRead
INFO: Detected non-HTTP/2 connection.
Sep 27, 2025 12:38:08 PM io.gapi.emulators.netty.NotFoundHandler handleRequest
INFO: Unknown request URI: /requests
Sep 27, 2025 12:38:11 PM io.gapi.emulators.netty.HttpVersionRoutingHandler channelRead
INFO: Detected non-HTTP/2 connection.
Sep 27, 2025 12:38:11 PM io.gapi.emulators.netty.NotFoundHandler handleRequest
INFO: Unknown request URI: /requests
Sep 27, 2025 12:38:14 PM io.gapi.emulators.netty.HttpVersionRoutingHandler channelRead
INFO: Detected non-HTTP/2 connection.
Sep 27, 2025 12:38:14 PM io.gapi.emulators.netty.NotFoundHandler handleRequest
INFO: Unknown request URI: /requests
Sep 27, 2025 12:38:19 PM io.gapi.emulators.netty.HttpVersionRoutingHandler channelRead
INFO: Detected non-HTTP/2 connection.
Sep 27, 2025 12:38:19 PM io.gapi.emulators.netty.NotFoundHandler handleRequest
INFO: Unknown request URI: /requests
Sep 27, 2025 12:38:23 PM io.gapi.emulators.netty.HttpVersionRoutingHandler channelRead
INFO: Detected non-HTTP/2 connection.
Sep 27, 2025 12:38:23 PM io.gapi.emulators.netty.NotFoundHandler handleRequest
INFO: Unknown request URI: /requests
Sep 27, 2025 12:38:26 PM io.gapi.emulators.netty.HttpVersionRoutingHandler channelRead
INFO: Detected non-HTTP/2 connection.
Sep 27, 2025 12:38:26 PM io.gapi.emulators.netty.NotFoundHandler handleRequest
INFO: Unknown request URI: /requests
Sep 27, 2025 12:38:27 PM io.gapi.emulators.netty.HttpVersionRoutingHandler channelRead
INFO: Detected non-HTTP/2 connection.
Sep 27, 2025 12:38:27 PM io.gapi.emulators.netty.NotFoundHandler handleRequest
INFO: Unknown request URI: /requests
Sep 27, 2025 12:38:29 PM io.gapi.emulators.netty.HttpVersionRoutingHandler channelRead
INFO: Detected non-HTTP/2 connection.
Sep 27, 2025 12:38:29 PM io.gapi.emulators.netty.NotFoundHandler handleRequest
INFO: Unknown request URI: /requests
Sep 27, 2025 12:38:34 PM io.gapi.emulators.netty.HttpVersionRoutingHandler channelRead
INFO: Detected non-HTTP/2 connection.
Sep 27, 2025 12:38:34 PM io.gapi.emulators.netty.NotFoundHandler handleRequest
INFO: Unknown request URI: /requests
Sep 27, 2025 12:38:38 PM io.gapi.emulators.netty.HttpVersionRoutingHandler channelRead
INFO: Detected non-HTTP/2 connection.
Sep 27, 2025 12:38:38 PM io.gapi.emulators.netty.NotFoundHandler handleRequest
INFO: Unknown request URI: /requests
Sep 27, 2025 12:38:42 PM io.gapi.emulators.netty.HttpVersionRoutingHandler channelRead
INFO: Detected non-HTTP/2 connection.
Sep 27, 2025 12:38:42 PM io.gapi.emulators.netty.NotFoundHandler handleRequest
INFO: Unknown request URI: /requests
Sep 27, 2025 12:38:46 PM io.gapi.emulators.netty.HttpVersionRoutingHandler channelRead
INFO: Detected non-HTTP/2 connection.
Sep 27, 2025 12:38:46 PM io.gapi.emulators.netty.NotFoundHandler handleRequest
INFO: Unknown request URI: /requests
Sep 27, 2025 12:38:50 PM io.gapi.emulators.netty.HttpVersionRoutingHandler channelRead
INFO: Detected non-HTTP/2 connection.
Sep 27, 2025 12:38:50 PM io.gapi.emulators.netty.NotFoundHandler handleRequest
INFO: Unknown request URI: /requests
Sep 27, 2025 12:38:56 PM io.gapi.emulators.netty.HttpVersionRoutingHandler channelRead
INFO: Detected non-HTTP/2 connection.
Sep 27, 2025 12:38:56 PM io.gapi.emulators.netty.NotFoundHandler handleRequest
INFO: Unknown request URI: /requests
Sep 27, 2025 12:38:58 PM io.gapi.emulators.netty.HttpVersionRoutingHandler channelRead
INFO: Detected non-HTTP/2 connection.
Sep 27, 2025 12:38:58 PM io.gapi.emulators.netty.NotFoundHandler handleRequest
INFO: Unknown request URI: /requests
Sep 27, 2025 12:39:02 PM io.gapi.emulators.netty.HttpVersionRoutingHandler channelRead
INFO: Detected non-HTTP/2 connection.
Sep 27, 2025 12:39:02 PM io.gapi.emulators.netty.NotFoundHandler handleRequest
INFO: Unknown request URI: /requests
Sep 27, 2025 12:39:07 PM io.gapi.emulators.netty.HttpVersionRoutingHandler channelRead
INFO: Detected non-HTTP/2 connection.
Sep 27, 2025 12:39:07 PM io.gapi.emulators.netty.NotFoundHandler handleRequest
INFO: Unknown request URI: /requests
Sep 27, 2025 12:39:11 PM io.gapi.emulators.netty.HttpVersionRoutingHandler channelRead
INFO: Detected non-HTTP/2 connection.
Sep 27, 2025 12:39:11 PM io.gapi.emulators.netty.NotFoundHandler handleRequest
INFO: Unknown request URI: /requests
Sep 27, 2025 12:39:14 PM io.gapi.emulators.netty.HttpVersionRoutingHandler channelRead
INFO: Detected non-HTTP/2 connection.
Sep 27, 2025 12:39:14 PM io.gapi.emulators.netty.NotFoundHandler handleRequest
INFO: Unknown request URI: /requests
Sep 27, 2025 12:39:17 PM io.gapi.emulators.netty.HttpVersionRoutingHandler channelRead
INFO: Detected non-HTTP/2 connection.
Sep 27, 2025 12:39:17 PM io.gapi.emulators.netty.NotFoundHandler handleRequest
INFO: Unknown request URI: /requests
Sep 27, 2025 12:39:22 PM io.gapi.emulators.netty.HttpVersionRoutingHandler channelRead
INFO: Detected non-HTTP/2 connection.
Sep 27, 2025 12:39:22 PM io.gapi.emulators.netty.NotFoundHandler handleRequest
INFO: Unknown request URI: /requests
Sep 27, 2025 12:39:24 PM io.gapi.emulators.netty.HttpVersionRoutingHandler channelRead
INFO: Detected non-HTTP/2 connection.
Sep 27, 2025 12:39:24 PM io.gapi.emulators.netty.NotFoundHandler handleRequest
INFO: Unknown request URI: /requests
Sep 27, 2025 12:39:28 PM io.gapi.emulators.netty.HttpVersionRoutingHandler channelRead
INFO: Detected non-HTTP/2 connection.
Sep 27, 2025 12:39:28 PM io.gapi.emulators.netty.NotFoundHandler handleRequest
INFO: Unknown request URI: /requests
Sep 27, 2025 12:39:31 PM io.gapi.emulators.netty.HttpVersionRoutingHandler channelRead
INFO: Detected non-HTTP/2 connection.
Sep 27, 2025 12:39:31 PM io.gapi.emulators.netty.NotFoundHandler handleRequest
INFO: Unknown request URI: /requests
Sep 27, 2025 12:39:36 PM io.gapi.emulators.netty.HttpVersionRoutingHandler channelRead
INFO: Detected non-HTTP/2 connection.
Sep 27, 2025 12:39:36 PM io.gapi.emulators.netty.NotFoundHandler handleRequest
INFO: Unknown request URI: /requests
Sep 27, 2025 12:39:41 PM io.gapi.emulators.netty.HttpVersionRoutingHandler channelRead
INFO: Detected non-HTTP/2 connection.
Sep 27, 2025 12:39:41 PM io.gapi.emulators.netty.NotFoundHandler handleRequest
INFO: Unknown request URI: /requests
Sep 27, 2025 12:39:46 PM io.gapi.emulators.netty.HttpVersionRoutingHandler channelRead
INFO: Detected non-HTTP/2 connection.
Sep 27, 2025 12:39:46 PM io.gapi.emulators.netty.NotFoundHandler handleRequest
INFO: Unknown request URI: /requests
Sep 27, 2025 12:39:51 PM io.gapi.emulators.netty.HttpVersionRoutingHandler channelRead
INFO: Detected non-HTTP/2 connection.
Sep 27, 2025 12:39:52 PM io.gapi.emulators.netty.NotFoundHandler handleRequest
INFO: Unknown request URI: /requests
Sep 27, 2025 12:39:54 PM io.gapi.emulators.netty.HttpVersionRoutingHandler channelRead
INFO: Detected non-HTTP/2 connection.
Sep 27, 2025 12:39:54 PM io.gapi.emulators.netty.NotFoundHandler handleRequest
INFO: Unknown request URI: /requests
Sep 27, 2025 12:39:59 PM io.gapi.emulators.netty.HttpVersionRoutingHandler channelRead
INFO: Detected non-HTTP/2 connection.
Sep 27, 2025 12:39:59 PM io.gapi.emulators.netty.NotFoundHandler handleRequest
INFO: Unknown request URI: /requests
Sep 27, 2025 12:40:05 PM io.gapi.emulators.netty.HttpVersionRoutingHandler channelRead
INFO: Detected non-HTTP/2 connection.
Sep 27, 2025 12:40:05 PM io.gapi.emulators.netty.NotFoundHandler handleRequest
INFO: Unknown request URI: /requests
Sep 27, 2025 12:40:10 PM io.gapi.emulators.netty.HttpVersionRoutingHandler channelRead
INFO: Detected non-HTTP/2 connection.
Sep 27, 2025 12:40:10 PM io.gapi.emulators.netty.NotFoundHandler handleRequest
INFO: Unknown request URI: /requests
Sep 27, 2025 12:40:13 PM io.gapi.emulators.netty.HttpVersionRoutingHandler channelRead
INFO: Detected non-HTTP/2 connection.
Sep 27, 2025 12:40:13 PM io.gapi.emulators.netty.NotFoundHandler handleRequest
INFO: Unknown request URI: /requests
Sep 27, 2025 12:40:16 PM io.gapi.emulators.netty.HttpVersionRoutingHandler channelRead
INFO: Detected non-HTTP/2 connection.
Sep 27, 2025 12:40:16 PM io.gapi.emulators.netty.NotFoundHandler handleRequest
INFO: Unknown request URI: /requests
Sep 27, 2025 12:40:19 PM io.gapi.emulators.netty.HttpVersionRoutingHandler channelRead
INFO: Detected non-HTTP/2 connection.
Sep 27, 2025 12:40:19 PM io.gapi.emulators.netty.NotFoundHandler handleRequest
INFO: Unknown request URI: /requests
Sep 27, 2025 12:40:25 PM io.gapi.emulators.netty.HttpVersionRoutingHandler channelRead
INFO: Detected non-HTTP/2 connection.
Sep 27, 2025 12:40:25 PM io.gapi.emulators.netty.NotFoundHandler handleRequest
INFO: Unknown request URI: /requests
Sep 27, 2025 12:40:28 PM io.gapi.emulators.netty.HttpVersionRoutingHandler channelRead
INFO: Detected non-HTTP/2 connection.
Sep 27, 2025 12:40:28 PM io.gapi.emulators.netty.NotFoundHandler handleRequest
INFO: Unknown request URI: /requests
Sep 27, 2025 12:40:33 PM io.gapi.emulators.netty.HttpVersionRoutingHandler channelRead
INFO: Detected non-HTTP/2 connection.
Sep 27, 2025 12:40:33 PM io.gapi.emulators.netty.NotFoundHandler handleRequest
INFO: Unknown request URI: /requests
Sep 27, 2025 12:40:38 PM io.gapi.emulators.netty.HttpVersionRoutingHandler channelRead
INFO: Detected non-HTTP/2 connection.
Sep 27, 2025 12:40:38 PM io.gapi.emulators.netty.NotFoundHandler handleRequest
INFO: Unknown request URI: /requests
Sep 27, 2025 12:40:40 PM io.gapi.emulators.netty.HttpVersionRoutingHandler channelRead
INFO: Detected non-HTTP/2 connection.
Sep 27, 2025 12:40:40 PM io.gapi.emulators.netty.NotFoundHandler handleRequest
INFO: Unknown request URI: /requests
Sep 27, 2025 12:40:44 PM io.gapi.emulators.netty.HttpVersionRoutingHandler channelRead
INFO: Detected non-HTTP/2 connection.
Sep 27, 2025 12:40:44 PM io.gapi.emulators.netty.NotFoundHandler handleRequest
INFO: Unknown request URI: /requests
Sep 27, 2025 12:40:46 PM io.gapi.emulators.netty.HttpVersionRoutingHandler channelRead
INFO: Detected non-HTTP/2 connection.
Sep 27, 2025 12:40:46 PM io.gapi.emulators.netty.NotFoundHandler handleRequest
INFO: Unknown request URI: /requests
Sep 27, 2025 12:40:49 PM io.gapi.emulators.netty.HttpVersionRoutingHandler channelRead
INFO: Detected non-HTTP/2 connection.
Sep 27, 2025 12:40:49 PM io.gapi.emulators.netty.NotFoundHandler handleRequest
INFO: Unknown request URI: /requests
Sep 27, 2025 12:40:53 PM io.gapi.emulators.netty.HttpVersionRoutingHandler channelRead
INFO: Detected non-HTTP/2 connection.
Sep 27, 2025 12:40:53 PM io.gapi.emulators.netty.NotFoundHandler handleRequest
INFO: Unknown request URI: /requests
Sep 27, 2025 12:40:56 PM io.gapi.emulators.netty.HttpVersionRoutingHandler channelRead
INFO: Detected non-HTTP/2 connection.
Sep 27, 2025 12:40:56 PM io.gapi.emulators.netty.NotFoundHandler handleRequest
INFO: Unknown request URI: /requests
Sep 27, 2025 12:40:59 PM io.gapi.emulators.netty.HttpVersionRoutingHandler channelRead
INFO: Detected non-HTTP/2 connection.
Sep 27, 2025 12:40:59 PM io.gapi.emulators.netty.NotFoundHandler handleRequest
INFO: Unknown request URI: /requests
Sep 27, 2025 12:41:04 PM io.gapi.emulators.netty.HttpVersionRoutingHandler channelRead
INFO: Detected non-HTTP/2 connection.
Sep 27, 2025 12:41:04 PM io.gapi.emulators.netty.NotFoundHandler handleRequest
INFO: Unknown request URI: /requests
Sep 27, 2025 12:41:08 PM io.gapi.emulators.netty.HttpVersionRoutingHandler channelRead
INFO: Detected non-HTTP/2 connection.
Sep 27, 2025 12:41:08 PM io.gapi.emulators.netty.NotFoundHandler handleRequest
INFO: Unknown request URI: /requests
Sep 27, 2025 12:41:13 PM io.gapi.emulators.netty.HttpVersionRoutingHandler channelRead
INFO: Detected non-HTTP/2 connection.
Sep 27, 2025 12:41:13 PM io.gapi.emulators.netty.NotFoundHandler handleRequest
INFO: Unknown request URI: /requests
Sep 27, 2025 12:41:24 PM io.gapi.emulators.netty.HttpVersionRoutingHandler channelRead
INFO: Detected non-HTTP/2 connection.
Sep 27, 2025 12:41:24 PM io.gapi.emulators.netty.NotFoundHandler handleRequest
INFO: Unknown request URI: /requests
Sep 27, 2025 12:41:27 PM io.gapi.emulators.netty.HttpVersionRoutingHandler channelRead
INFO: Detected non-HTTP/2 connection.
Sep 27, 2025 12:41:27 PM io.gapi.emulators.netty.NotFoundHandler handleRequest
INFO: Unknown request URI: /requests
Sep 27, 2025 12:41:29 PM io.gapi.emulators.netty.HttpVersionRoutingHandler channelRead
INFO: Detected non-HTTP/2 connection.
Sep 27, 2025 12:41:29 PM io.gapi.emulators.netty.NotFoundHandler handleRequest
INFO: Unknown request URI: /requests
Sep 27, 2025 12:41:33 PM io.gapi.emulators.netty.HttpVersionRoutingHandler channelRead
INFO: Detected non-HTTP/2 connection.
Sep 27, 2025 12:41:33 PM io.gapi.emulators.netty.NotFoundHandler handleRequest
INFO: Unknown request URI: /requests
Sep 27, 2025 12:41:36 PM io.gapi.emulators.netty.HttpVersionRoutingHandler channelRead
INFO: Detected non-HTTP/2 connection.
Sep 27, 2025 12:41:36 PM io.gapi.emulators.netty.NotFoundHandler handleRequest
INFO: Unknown request URI: /requests
Sep 27, 2025 12:41:39 PM io.gapi.emulators.netty.HttpVersionRoutingHandler channelRead
INFO: Detected non-HTTP/2 connection.
Sep 27, 2025 12:41:39 PM io.gapi.emulators.netty.NotFoundHandler handleRequest
INFO: Unknown request URI: /requests
Sep 27, 2025 12:41:45 PM io.gapi.emulators.netty.HttpVersionRoutingHandler channelRead
INFO: Detected non-HTTP/2 connection.
Sep 27, 2025 12:41:45 PM io.gapi.emulators.netty.NotFoundHandler handleRequest
INFO: Unknown request URI: /requests
Sep 27, 2025 12:41:50 PM io.gapi.emulators.netty.HttpVersionRoutingHandler channelRead
INFO: Detected non-HTTP/2 connection.
Sep 27, 2025 12:41:50 PM io.gapi.emulators.netty.NotFoundHandler handleRequest
INFO: Unknown request URI: /requests
Sep 27, 2025 12:41:56 PM io.gapi.emulators.netty.HttpVersionRoutingHandler channelRead
INFO: Detected non-HTTP/2 connection.
Sep 27, 2025 12:41:56 PM io.gapi.emulators.netty.NotFoundHandler handleRequest
INFO: Unknown request URI: /requests
Sep 27, 2025 12:41:59 PM io.gapi.emulators.netty.HttpVersionRoutingHandler channelRead
INFO: Detected non-HTTP/2 connection.
Sep 27, 2025 12:41:59 PM io.gapi.emulators.netty.NotFoundHandler handleRequest
INFO: Unknown request URI: /requests
Sep 27, 2025 12:42:05 PM io.gapi.emulators.netty.HttpVersionRoutingHandler channelRead
INFO: Detected non-HTTP/2 connection.
Sep 27, 2025 12:42:05 PM io.gapi.emulators.netty.NotFoundHandler handleRequest
INFO: Unknown request URI: /requests
Sep 27, 2025 12:42:07 PM io.gapi.emulators.netty.HttpVersionRoutingHandler channelRead
INFO: Detected non-HTTP/2 connection.
Sep 27, 2025 12:42:07 PM io.gapi.emulators.netty.NotFoundHandler handleRequest
INFO: Unknown request URI: /requests
Sep 27, 2025 12:42:12 PM io.gapi.emulators.netty.HttpVersionRoutingHandler channelRead
INFO: Detected non-HTTP/2 connection.
Sep 27, 2025 12:42:13 PM io.gapi.emulators.netty.NotFoundHandler handleRequest
INFO: Unknown request URI: /requests
Sep 27, 2025 12:42:15 PM io.gapi.emulators.netty.HttpVersionRoutingHandler channelRead
INFO: Detected non-HTTP/2 connection.
Sep 27, 2025 12:42:15 PM io.gapi.emulators.netty.NotFoundHandler handleRequest
INFO: Unknown request URI: /requests
Sep 27, 2025 12:42:18 PM io.gapi.emulators.netty.HttpVersionRoutingHandler channelRead
INFO: Detected non-HTTP/2 connection.
Sep 27, 2025 12:42:18 PM io.gapi.emulators.netty.NotFoundHandler handleRequest
INFO: Unknown request URI: /requests
Sep 27, 2025 12:42:23 PM io.gapi.emulators.netty.HttpVersionRoutingHandler channelRead
INFO: Detected non-HTTP/2 connection.
Sep 27, 2025 12:42:23 PM io.gapi.emulators.netty.NotFoundHandler handleRequest
INFO: Unknown request URI: /requests
Sep 27, 2025 12:42:27 PM io.gapi.emulators.netty.HttpVersionRoutingHandler channelRead
INFO: Detected non-HTTP/2 connection.
Sep 27, 2025 12:42:27 PM io.gapi.emulators.netty.NotFoundHandler handleRequest
INFO: Unknown request URI: /requests
Sep 27, 2025 12:43:00 PM io.gapi.emulators.netty.HttpVersionRoutingHandler channelRead
INFO: Detected non-HTTP/2 connection.
Sep 27, 2025 12:43:00 PM io.gapi.emulators.netty.NotFoundHandler handleRequest
INFO: Unknown request URI: /requests
Sep 27, 2025 12:43:57 PM io.gapi.emulators.netty.HttpVersionRoutingHandler channelRead
INFO: Detected non-HTTP/2 connection.
Sep 27, 2025 12:43:57 PM io.gapi.emulators.netty.NotFoundHandler handleRequest
INFO: Unknown request URI: /requests
Sep 27, 2025 12:44:57 PM io.gapi.emulators.netty.HttpVersionRoutingHandler channelRead
INFO: Detected non-HTTP/2 connection.
Sep 27, 2025 12:44:57 PM io.gapi.emulators.netty.NotFoundHandler handleRequest
INFO: Unknown request URI: /requests
Sep 27, 2025 12:45:57 PM io.gapi.emulators.netty.HttpVersionRoutingHandler channelRead
INFO: Detected non-HTTP/2 connection.
Sep 27, 2025 12:45:57 PM io.gapi.emulators.netty.NotFoundHandler handleRequest
INFO: Unknown request URI: /requests
Sep 27, 2025 12:46:57 PM io.gapi.emulators.netty.HttpVersionRoutingHandler channelRead
INFO: Detected non-HTTP/2 connection.
Sep 27, 2025 12:46:57 PM io.gapi.emulators.netty.NotFoundHandler handleRequest
INFO: Unknown request URI: /requests
Sep 27, 2025 12:47:57 PM io.gapi.emulators.netty.HttpVersionRoutingHandler channelRead
INFO: Detected non-HTTP/2 connection.
Sep 27, 2025 12:47:57 PM io.gapi.emulators.netty.NotFoundHandler handleRequest
INFO: Unknown request URI: /requests
Sep 27, 2025 12:48:57 PM io.gapi.emulators.netty.HttpVersionRoutingHandler channelRead
INFO: Detected non-HTTP/2 connection.
Sep 27, 2025 12:48:57 PM io.gapi.emulators.netty.NotFoundHandler handleRequest
INFO: Unknown request URI: /requests
Sep 27, 2025 12:49:57 PM io.gapi.emulators.netty.HttpVersionRoutingHandler channelRead
INFO: Detected non-HTTP/2 connection.
Sep 27, 2025 12:49:57 PM io.gapi.emulators.netty.NotFoundHandler handleRequest
INFO: Unknown request URI: /requests
Sep 27, 2025 12:50:57 PM io.gapi.emulators.netty.HttpVersionRoutingHandler channelRead
INFO: Detected non-HTTP/2 connection.
Sep 27, 2025 12:50:57 PM io.gapi.emulators.netty.NotFoundHandler handleRequest
INFO: Unknown request URI: /requests
Sep 27, 2025 12:51:57 PM io.gapi.emulators.netty.HttpVersionRoutingHandler channelRead
INFO: Detected non-HTTP/2 connection.
Sep 27, 2025 12:51:57 PM io.gapi.emulators.netty.NotFoundHandler handleRequest
INFO: Unknown request URI: /requests
Sep 27, 2025 12:52:58 PM io.gapi.emulators.netty.HttpVersionRoutingHandler channelRead
INFO: Detected non-HTTP/2 connection.
Sep 27, 2025 12:52:58 PM io.gapi.emulators.netty.NotFoundHandler handleRequest
INFO: Unknown request URI: /requests
Sep 27, 2025 12:53:45 PM io.gapi.emulators.netty.HttpVersionRoutingHandler channelRead
INFO: Detected non-HTTP/2 connection.
Sep 27, 2025 12:53:45 PM io.gapi.emulators.netty.NotFoundHandler handleRequest
INFO: Unknown request URI: /requests
Sep 27, 2025 12:53:45 PM io.gapi.emulators.netty.HttpVersionRoutingHandler channelRead
INFO: Detected non-HTTP/2 connection.
Sep 27, 2025 12:53:45 PM io.gapi.emulators.netty.NotFoundHandler handleRequest
INFO: Unknown request URI: /requests
Sep 27, 2025 12:53:46 PM io.gapi.emulators.netty.HttpVersionRoutingHandler channelRead
INFO: Detected non-HTTP/2 connection.
Sep 27, 2025 12:53:46 PM io.gapi.emulators.netty.NotFoundHandler handleRequest
INFO: Unknown request URI: /requests
Sep 27, 2025 12:53:47 PM io.gapi.emulators.netty.HttpVersionRoutingHandler channelRead
INFO: Detected non-HTTP/2 connection.
Sep 27, 2025 12:53:47 PM io.gapi.emulators.netty.NotFoundHandler handleRequest
INFO: Unknown request URI: /requests
Sep 27, 2025 12:53:48 PM io.gapi.emulators.netty.HttpVersionRoutingHandler channelRead
INFO: Detected non-HTTP/2 connection.
Sep 27, 2025 12:53:48 PM io.gapi.emulators.netty.NotFoundHandler handleRequest
INFO: Unknown request URI: /requests
Sep 27, 2025 12:53:49 PM io.gapi.emulators.netty.HttpVersionRoutingHandler channelRead
INFO: Detected non-HTTP/2 connection.
Sep 27, 2025 12:53:49 PM io.gapi.emulators.netty.NotFoundHandler handleRequest
INFO: Unknown request URI: /requests
Sep 27, 2025 12:54:12 PM io.gapi.emulators.netty.HttpVersionRoutingHandler channelRead
INFO: Detected non-HTTP/2 connection.
Sep 27, 2025 12:54:12 PM io.gapi.emulators.netty.NotFoundHandler handleRequest
INFO: Unknown request URI: /requests
Sep 27, 2025 12:54:13 PM io.gapi.emulators.netty.HttpVersionRoutingHandler channelRead
INFO: Detected non-HTTP/2 connection.
Sep 27, 2025 12:54:13 PM io.gapi.emulators.netty.NotFoundHandler handleRequest
INFO: Unknown request URI: /requests
Sep 27, 2025 12:54:14 PM io.gapi.emulators.netty.HttpVersionRoutingHandler channelRead
INFO: Detected non-HTTP/2 connection.
Sep 27, 2025 12:54:14 PM io.gapi.emulators.netty.NotFoundHandler handleRequest
INFO: Unknown request URI: /requests
Sep 27, 2025 12:54:15 PM io.gapi.emulators.netty.HttpVersionRoutingHandler channelRead
INFO: Detected non-HTTP/2 connection.
Sep 27, 2025 12:54:15 PM io.gapi.emulators.netty.NotFoundHandler handleRequest
INFO: Unknown request URI: /requests
Sep 27, 2025 12:54:16 PM io.gapi.emulators.netty.HttpVersionRoutingHandler channelRead
INFO: Detected non-HTTP/2 connection.
Sep 27, 2025 12:54:16 PM io.gapi.emulators.netty.NotFoundHandler handleRequest
INFO: Unknown request URI: /requests
Sep 27, 2025 12:54:17 PM io.gapi.emulators.netty.HttpVersionRoutingHandler channelRead
INFO: Detected non-HTTP/2 connection.
Sep 27, 2025 12:54:17 PM io.gapi.emulators.netty.NotFoundHandler handleRequest
INFO: Unknown request URI: /requests
Sep 27, 2025 12:54:19 PM io.gapi.emulators.netty.HttpVersionRoutingHandler channelRead
INFO: Detected non-HTTP/2 connection.
Sep 27, 2025 12:54:19 PM io.gapi.emulators.netty.NotFoundHandler handleRequest
INFO: Unknown request URI: /requests
Sep 27, 2025 12:54:19 PM io.gapi.emulators.netty.HttpVersionRoutingHandler channelRead
INFO: Detected non-HTTP/2 connection.
Sep 27, 2025 12:54:19 PM io.gapi.emulators.netty.NotFoundHandler handleRequest
INFO: Unknown request URI: /requests
Sep 27, 2025 12:54:22 PM io.gapi.emulators.netty.HttpVersionRoutingHandler channelRead
INFO: Detected non-HTTP/2 connection.
Sep 27, 2025 12:54:22 PM io.gapi.emulators.netty.NotFoundHandler handleRequest
INFO: Unknown request URI: /requests
Sep 27, 2025 12:54:25 PM io.gapi.emulators.netty.HttpVersionRoutingHandler channelRead
INFO: Detected non-HTTP/2 connection.
Sep 27, 2025 12:54:25 PM io.gapi.emulators.netty.NotFoundHandler handleRequest
INFO: Unknown request URI: /requests
Sep 27, 2025 12:54:30 PM io.gapi.emulators.netty.HttpVersionRoutingHandler channelRead
INFO: Detected non-HTTP/2 connection.
Sep 27, 2025 12:54:30 PM io.gapi.emulators.netty.NotFoundHandler handleRequest
INFO: Unknown request URI: /requests
Sep 27, 2025 12:54:34 PM io.gapi.emulators.netty.HttpVersionRoutingHandler channelRead
INFO: Detected non-HTTP/2 connection.
Sep 27, 2025 12:54:34 PM io.gapi.emulators.netty.NotFoundHandler handleRequest
INFO: Unknown request URI: /requests
Sep 27, 2025 12:54:40 PM io.gapi.emulators.netty.HttpVersionRoutingHandler channelRead
INFO: Detected non-HTTP/2 connection.
Sep 27, 2025 12:54:40 PM io.gapi.emulators.netty.NotFoundHandler handleRequest
INFO: Unknown request URI: /requests
Sep 27, 2025 12:54:44 PM io.gapi.emulators.netty.HttpVersionRoutingHandler channelRead
INFO: Detected non-HTTP/2 connection.
Sep 27, 2025 12:54:44 PM io.gapi.emulators.netty.NotFoundHandler handleRequest
INFO: Unknown request URI: /requests
Sep 27, 2025 12:54:49 PM io.gapi.emulators.netty.HttpVersionRoutingHandler channelRead
INFO: Detected non-HTTP/2 connection.
Sep 27, 2025 12:54:49 PM io.gapi.emulators.netty.NotFoundHandler handleRequest
INFO: Unknown request URI: /requests
Sep 27, 2025 12:54:54 PM io.gapi.emulators.netty.HttpVersionRoutingHandler channelRead
INFO: Detected non-HTTP/2 connection.
Sep 27, 2025 12:54:54 PM io.gapi.emulators.netty.NotFoundHandler handleRequest
INFO: Unknown request URI: /requests
Sep 27, 2025 12:54:58 PM io.gapi.emulators.netty.HttpVersionRoutingHandler channelRead
INFO: Detected non-HTTP/2 connection.
Sep 27, 2025 12:54:58 PM io.gapi.emulators.netty.NotFoundHandler handleRequest
INFO: Unknown request URI: /requests
Sep 27, 2025 12:55:00 PM io.gapi.emulators.netty.HttpVersionRoutingHandler channelRead
INFO: Detected non-HTTP/2 connection.
Sep 27, 2025 12:55:00 PM io.gapi.emulators.netty.NotFoundHandler handleRequest
INFO: Unknown request URI: /requests
Sep 27, 2025 12:55:04 PM io.gapi.emulators.netty.HttpVersionRoutingHandler channelRead
INFO: Detected non-HTTP/2 connection.
Sep 27, 2025 12:55:04 PM io.gapi.emulators.netty.NotFoundHandler handleRequest
INFO: Unknown request URI: /requests
Sep 27, 2025 12:55:07 PM io.gapi.emulators.netty.HttpVersionRoutingHandler channelRead
INFO: Detected non-HTTP/2 connection.
Sep 27, 2025 12:55:07 PM io.gapi.emulators.netty.NotFoundHandler handleRequest
INFO: Unknown request URI: /requests
Sep 27, 2025 12:55:10 PM io.gapi.emulators.netty.HttpVersionRoutingHandler channelRead
INFO: Detected non-HTTP/2 connection.
Sep 27, 2025 12:55:10 PM io.gapi.emulators.netty.NotFoundHandler handleRequest
INFO: Unknown request URI: /requests
Sep 27, 2025 12:55:16 PM io.gapi.emulators.netty.HttpVersionRoutingHandler channelRead
INFO: Detected non-HTTP/2 connection.
Sep 27, 2025 12:55:16 PM io.gapi.emulators.netty.NotFoundHandler handleRequest
INFO: Unknown request URI: /requests
Sep 27, 2025 12:55:22 PM io.gapi.emulators.netty.HttpVersionRoutingHandler channelRead
INFO: Detected non-HTTP/2 connection.
Sep 27, 2025 12:55:22 PM io.gapi.emulators.netty.NotFoundHandler handleRequest
INFO: Unknown request URI: /requests
Sep 27, 2025 12:55:26 PM io.gapi.emulators.netty.HttpVersionRoutingHandler channelRead
INFO: Detected non-HTTP/2 connection.
Sep 27, 2025 12:55:26 PM io.gapi.emulators.netty.NotFoundHandler handleRequest
INFO: Unknown request URI: /requests
Sep 27, 2025 12:55:28 PM io.gapi.emulators.netty.HttpVersionRoutingHandler channelRead
INFO: Detected non-HTTP/2 connection.
Sep 27, 2025 12:55:28 PM io.gapi.emulators.netty.NotFoundHandler handleRequest
INFO: Unknown request URI: /requests
Sep 27, 2025 12:55:33 PM io.gapi.emulators.netty.HttpVersionRoutingHandler channelRead
INFO: Detected non-HTTP/2 connection.
Sep 27, 2025 12:55:33 PM io.gapi.emulators.netty.NotFoundHandler handleRequest
INFO: Unknown request URI: /requests
Sep 27, 2025 12:55:39 PM io.gapi.emulators.netty.HttpVersionRoutingHandler channelRead
INFO: Detected non-HTTP/2 connection.
Sep 27, 2025 12:55:39 PM io.gapi.emulators.netty.NotFoundHandler handleRequest
INFO: Unknown request URI: /requests
Sep 27, 2025 12:55:45 PM io.gapi.emulators.netty.HttpVersionRoutingHandler channelRead
INFO: Detected non-HTTP/2 connection.
Sep 27, 2025 12:55:45 PM io.gapi.emulators.netty.NotFoundHandler handleRequest
INFO: Unknown request URI: /requests
Sep 27, 2025 12:55:48 PM io.gapi.emulators.netty.HttpVersionRoutingHandler channelRead
INFO: Detected non-HTTP/2 connection.
Sep 27, 2025 12:55:48 PM io.gapi.emulators.netty.NotFoundHandler handleRequest
INFO: Unknown request URI: /requests
Sep 27, 2025 12:55:54 PM io.gapi.emulators.netty.HttpVersionRoutingHandler channelRead
INFO: Detected non-HTTP/2 connection.
Sep 27, 2025 12:55:54 PM io.gapi.emulators.netty.NotFoundHandler handleRequest
INFO: Unknown request URI: /requests
Sep 27, 2025 12:55:57 PM io.gapi.emulators.netty.HttpVersionRoutingHandler channelRead
INFO: Detected non-HTTP/2 connection.
Sep 27, 2025 12:55:57 PM io.gapi.emulators.netty.NotFoundHandler handleRequest
INFO: Unknown request URI: /requests
Sep 27, 2025 12:56:03 PM io.gapi.emulators.netty.HttpVersionRoutingHandler channelRead
INFO: Detected non-HTTP/2 connection.
Sep 27, 2025 12:56:03 PM io.gapi.emulators.netty.NotFoundHandler handleRequest
INFO: Unknown request URI: /requests
Sep 27, 2025 12:56:06 PM io.gapi.emulators.netty.HttpVersionRoutingHandler channelRead
INFO: Detected non-HTTP/2 connection.
Sep 27, 2025 12:56:06 PM io.gapi.emulators.netty.NotFoundHandler handleRequest
INFO: Unknown request URI: /requests
Sep 27, 2025 12:56:11 PM io.gapi.emulators.netty.HttpVersionRoutingHandler channelRead
INFO: Detected non-HTTP/2 connection.
Sep 27, 2025 12:56:11 PM io.gapi.emulators.netty.NotFoundHandler handleRequest
INFO: Unknown request URI: /requests
Sep 27, 2025 12:56:13 PM io.gapi.emulators.netty.HttpVersionRoutingHandler channelRead
INFO: Detected non-HTTP/2 connection.
Sep 27, 2025 12:56:13 PM io.gapi.emulators.netty.NotFoundHandler handleRequest
INFO: Unknown request URI: /requests
Sep 27, 2025 12:56:18 PM io.gapi.emulators.netty.HttpVersionRoutingHandler channelRead
INFO: Detected non-HTTP/2 connection.
Sep 27, 2025 12:56:18 PM io.gapi.emulators.netty.NotFoundHandler handleRequest
INFO: Unknown request URI: /requests
Sep 27, 2025 12:56:59 PM io.gapi.emulators.netty.HttpVersionRoutingHandler channelRead
INFO: Detected non-HTTP/2 connection.
Sep 27, 2025 12:56:59 PM io.gapi.emulators.netty.NotFoundHandler handleRequest
INFO: Unknown request URI: /requests
Sep 27, 2025 12:57:57 PM io.gapi.emulators.netty.HttpVersionRoutingHandler channelRead
INFO: Detected non-HTTP/2 connection.
Sep 27, 2025 12:57:57 PM io.gapi.emulators.netty.NotFoundHandler handleRequest
INFO: Unknown request URI: /requests
Sep 27, 2025 12:58:57 PM io.gapi.emulators.netty.HttpVersionRoutingHandler channelRead
INFO: Detected non-HTTP/2 connection.
Sep 27, 2025 12:58:57 PM io.gapi.emulators.netty.NotFoundHandler handleRequest
INFO: Unknown request URI: /requests
Sep 27, 2025 12:59:57 PM io.gapi.emulators.netty.HttpVersionRoutingHandler channelRead
INFO: Detected non-HTTP/2 connection.
Sep 27, 2025 12:59:57 PM io.gapi.emulators.netty.NotFoundHandler handleRequest
INFO: Unknown request URI: /requests
Sep 27, 2025 1:00:57 PM io.gapi.emulators.netty.HttpVersionRoutingHandler channelRead
INFO: Detected non-HTTP/2 connection.
Sep 27, 2025 1:00:57 PM io.gapi.emulators.netty.NotFoundHandler handleRequest
INFO: Unknown request URI: /requests
Sep 27, 2025 1:01:57 PM io.gapi.emulators.netty.HttpVersionRoutingHandler channelRead
INFO: Detected non-HTTP/2 connection.
Sep 27, 2025 1:01:57 PM io.gapi.emulators.netty.NotFoundHandler handleRequest
INFO: Unknown request URI: /requests
Sep 27, 2025 1:02:58 PM io.gapi.emulators.netty.HttpVersionRoutingHandler channelRead
INFO: Detected non-HTTP/2 connection.
Sep 27, 2025 1:02:58 PM io.gapi.emulators.netty.NotFoundHandler handleRequest
INFO: Unknown request URI: /requests
Sep 27, 2025 1:03:57 PM io.gapi.emulators.netty.HttpVersionRoutingHandler channelRead
INFO: Detected non-HTTP/2 connection.
Sep 27, 2025 1:03:57 PM io.gapi.emulators.netty.NotFoundHandler handleRequest
INFO: Unknown request URI: /requests
Sep 27, 2025 1:04:57 PM io.gapi.emulators.netty.HttpVersionRoutingHandler channelRead
INFO: Detected non-HTTP/2 connection.
Sep 27, 2025 1:04:57 PM io.gapi.emulators.netty.NotFoundHandler handleRequest
INFO: Unknown request URI: /requests
Sep 27, 2025 1:05:57 PM io.gapi.emulators.netty.HttpVersionRoutingHandler channelRead
INFO: Detected non-HTTP/2 connection.
Sep 27, 2025 1:05:57 PM io.gapi.emulators.netty.NotFoundHandler handleRequest
INFO: Unknown request URI: /requests
Sep 27, 2025 1:06:57 PM io.gapi.emulators.netty.HttpVersionRoutingHandler channelRead
INFO: Detected non-HTTP/2 connection.
Sep 27, 2025 1:06:57 PM io.gapi.emulators.netty.NotFoundHandler handleRequest
INFO: Unknown request URI: /requests
Sep 27, 2025 1:07:57 PM io.gapi.emulators.netty.HttpVersionRoutingHandler channelRead
INFO: Detected non-HTTP/2 connection.
Sep 27, 2025 1:07:57 PM io.gapi.emulators.netty.NotFoundHandler handleRequest
INFO: Unknown request URI: /requests
Sep 27, 2025 1:08:57 PM io.gapi.emulators.netty.HttpVersionRoutingHandler channelRead
INFO: Detected non-HTTP/2 connection.
Sep 27, 2025 1:08:57 PM io.gapi.emulators.netty.NotFoundHandler handleRequest
INFO: Unknown request URI: /requests
Sep 27, 2025 1:09:57 PM io.gapi.emulators.netty.HttpVersionRoutingHandler channelRead
INFO: Detected non-HTTP/2 connection.
Sep 27, 2025 1:09:57 PM io.gapi.emulators.netty.NotFoundHandler handleRequest
INFO: Unknown request URI: /requests
Sep 27, 2025 1:10:57 PM io.gapi.emulators.netty.HttpVersionRoutingHandler channelRead
INFO: Detected non-HTTP/2 connection.
Sep 27, 2025 1:10:57 PM io.gapi.emulators.netty.NotFoundHandler handleRequest
INFO: Unknown request URI: /requests
Sep 27, 2025 1:11:57 PM io.gapi.emulators.netty.HttpVersionRoutingHandler channelRead
INFO: Detected non-HTTP/2 connection.
Sep 27, 2025 1:11:57 PM io.gapi.emulators.netty.NotFoundHandler handleRequest
INFO: Unknown request URI: /requests
Sep 27, 2025 1:12:57 PM io.gapi.emulators.netty.HttpVersionRoutingHandler channelRead
INFO: Detected non-HTTP/2 connection.
Sep 27, 2025 1:12:57 PM io.gapi.emulators.netty.NotFoundHandler handleRequest
INFO: Unknown request URI: /requests
Sep 27, 2025 1:13:57 PM io.gapi.emulators.netty.HttpVersionRoutingHandler channelRead
INFO: Detected non-HTTP/2 connection.
Sep 27, 2025 1:13:57 PM io.gapi.emulators.netty.NotFoundHandler handleRequest
INFO: Unknown request URI: /requests
Sep 27, 2025 1:14:57 PM io.gapi.emulators.netty.HttpVersionRoutingHandler channelRead
INFO: Detected non-HTTP/2 connection.
Sep 27, 2025 1:14:57 PM io.gapi.emulators.netty.NotFoundHandler handleRequest
INFO: Unknown request URI: /requests
Sep 27, 2025 1:15:57 PM io.gapi.emulators.netty.HttpVersionRoutingHandler channelRead
INFO: Detected non-HTTP/2 connection.
Sep 27, 2025 1:15:57 PM io.gapi.emulators.netty.NotFoundHandler handleRequest
INFO: Unknown request URI: /requests
Sep 27, 2025 1:16:57 PM io.gapi.emulators.netty.HttpVersionRoutingHandler channelRead
INFO: Detected non-HTTP/2 connection.
Sep 27, 2025 1:16:57 PM io.gapi.emulators.netty.NotFoundHandler handleRequest
INFO: Unknown request URI: /requests
Sep 27, 2025 1:17:57 PM io.gapi.emulators.netty.HttpVersionRoutingHandler channelRead
INFO: Detected non-HTTP/2 connection.
Sep 27, 2025 1:17:57 PM io.gapi.emulators.netty.NotFoundHandler handleRequest
INFO: Unknown request URI: /requests
Sep 27, 2025 1:18:57 PM io.gapi.emulators.netty.HttpVersionRoutingHandler channelRead
INFO: Detected non-HTTP/2 connection.
Sep 27, 2025 1:18:57 PM io.gapi.emulators.netty.NotFoundHandler handleRequest
INFO: Unknown request URI: /requests
Sep 27, 2025 1:19:57 PM io.gapi.emulators.netty.HttpVersionRoutingHandler channelRead
INFO: Detected non-HTTP/2 connection.
Sep 27, 2025 1:19:57 PM io.gapi.emulators.netty.NotFoundHandler handleRequest
INFO: Unknown request URI: /requests
Sep 27, 2025 1:20:57 PM io.gapi.emulators.netty.HttpVersionRoutingHandler channelRead
INFO: Detected non-HTTP/2 connection.
Sep 27, 2025 1:20:57 PM io.gapi.emulators.netty.NotFoundHandler handleRequest
INFO: Unknown request URI: /requests
Sep 27, 2025 1:21:57 PM io.gapi.emulators.netty.HttpVersionRoutingHandler channelRead
INFO: Detected non-HTTP/2 connection.
Sep 27, 2025 1:21:57 PM io.gapi.emulators.netty.NotFoundHandler handleRequest
INFO: Unknown request URI: /requests
Sep 27, 2025 1:22:57 PM io.gapi.emulators.netty.HttpVersionRoutingHandler channelRead
INFO: Detected non-HTTP/2 connection.
Sep 27, 2025 1:22:57 PM io.gapi.emulators.netty.NotFoundHandler handleRequest
INFO: Unknown request URI: /requests
Sep 27, 2025 1:23:57 PM io.gapi.emulators.netty.HttpVersionRoutingHandler channelRead
INFO: Detected non-HTTP/2 connection.
Sep 27, 2025 1:23:57 PM io.gapi.emulators.netty.NotFoundHandler handleRequest
INFO: Unknown request URI: /requests
Sep 27, 2025 1:24:57 PM io.gapi.emulators.netty.HttpVersionRoutingHandler channelRead
INFO: Detected non-HTTP/2 connection.
Sep 27, 2025 1:24:57 PM io.gapi.emulators.netty.NotFoundHandler handleRequest
INFO: Unknown request URI: /requests
Sep 27, 2025 1:25:57 PM io.gapi.emulators.netty.HttpVersionRoutingHandler channelRead
INFO: Detected non-HTTP/2 connection.
Sep 27, 2025 1:25:57 PM io.gapi.emulators.netty.NotFoundHandler handleRequest
INFO: Unknown request URI: /requests
Sep 27, 2025 1:26:57 PM io.gapi.emulators.netty.HttpVersionRoutingHandler channelRead
INFO: Detected non-HTTP/2 connection.
Sep 27, 2025 1:26:57 PM io.gapi.emulators.netty.NotFoundHandler handleRequest
INFO: Unknown request URI: /requests
Sep 27, 2025 1:27:57 PM io.gapi.emulators.netty.HttpVersionRoutingHandler channelRead
INFO: Detected non-HTTP/2 connection.
Sep 27, 2025 1:27:57 PM io.gapi.emulators.netty.NotFoundHandler handleRequest
INFO: Unknown request URI: /requests
Sep 27, 2025 1:28:57 PM io.gapi.emulators.netty.HttpVersionRoutingHandler channelRead
INFO: Detected non-HTTP/2 connection.
Sep 27, 2025 1:28:57 PM io.gapi.emulators.netty.NotFoundHandler handleRequest
INFO: Unknown request URI: /requests
Sep 27, 2025 1:29:15 PM io.gapi.emulators.netty.HttpVersionRoutingHandler channelRead
INFO: Detected non-HTTP/2 connection.
Sep 27, 2025 1:29:15 PM io.gapi.emulators.netty.NotFoundHandler handleRequest
INFO: Unknown request URI: /requests
Sep 27, 2025 1:29:15 PM io.gapi.emulators.netty.HttpVersionRoutingHandler channelRead
INFO: Detected non-HTTP/2 connection.
Sep 27, 2025 1:29:15 PM io.gapi.emulators.netty.NotFoundHandler handleRequest
INFO: Unknown request URI: /requests
Sep 27, 2025 1:29:16 PM io.gapi.emulators.netty.HttpVersionRoutingHandler channelRead
INFO: Detected non-HTTP/2 connection.
Sep 27, 2025 1:29:16 PM io.gapi.emulators.netty.NotFoundHandler handleRequest
INFO: Unknown request URI: /requests
Sep 27, 2025 1:29:17 PM io.gapi.emulators.netty.HttpVersionRoutingHandler channelRead
INFO: Detected non-HTTP/2 connection.
Sep 27, 2025 1:29:17 PM io.gapi.emulators.netty.NotFoundHandler handleRequest
INFO: Unknown request URI: /requests
Sep 27, 2025 1:29:18 PM io.gapi.emulators.netty.HttpVersionRoutingHandler channelRead
INFO: Detected non-HTTP/2 connection.
Sep 27, 2025 1:29:18 PM io.gapi.emulators.netty.NotFoundHandler handleRequest
INFO: Unknown request URI: /requests
Sep 27, 2025 1:29:19 PM io.gapi.emulators.netty.HttpVersionRoutingHandler channelRead
INFO: Detected non-HTTP/2 connection.
Sep 27, 2025 1:29:19 PM io.gapi.emulators.netty.NotFoundHandler handleRequest
INFO: Unknown request URI: /requests
Sep 27, 2025 1:29:20 PM io.gapi.emulators.netty.HttpVersionRoutingHandler channelRead
INFO: Detected non-HTTP/2 connection.
Sep 27, 2025 1:29:20 PM io.gapi.emulators.netty.NotFoundHandler handleRequest
INFO: Unknown request URI: /requests
Sep 27, 2025 1:29:21 PM io.gapi.emulators.netty.HttpVersionRoutingHandler channelRead
INFO: Detected non-HTTP/2 connection.
Sep 27, 2025 1:29:21 PM io.gapi.emulators.netty.NotFoundHandler handleRequest
INFO: Unknown request URI: /requests
Sep 27, 2025 1:29:22 PM io.gapi.emulators.netty.HttpVersionRoutingHandler channelRead
INFO: Detected non-HTTP/2 connection.
Sep 27, 2025 1:29:22 PM io.gapi.emulators.netty.NotFoundHandler handleRequest
INFO: Unknown request URI: /requests
Sep 27, 2025 1:29:23 PM io.gapi.emulators.netty.HttpVersionRoutingHandler channelRead
INFO: Detected non-HTTP/2 connection.
Sep 27, 2025 1:29:23 PM io.gapi.emulators.netty.NotFoundHandler handleRequest
INFO: Unknown request URI: /requests
Sep 27, 2025 1:29:24 PM io.gapi.emulators.netty.HttpVersionRoutingHandler channelRead
INFO: Detected non-HTTP/2 connection.
Sep 27, 2025 1:29:24 PM io.gapi.emulators.netty.NotFoundHandler handleRequest
INFO: Unknown request URI: /requests
Sep 27, 2025 1:29:25 PM io.gapi.emulators.netty.HttpVersionRoutingHandler channelRead
INFO: Detected non-HTTP/2 connection.
Sep 27, 2025 1:29:25 PM io.gapi.emulators.netty.NotFoundHandler handleRequest
INFO: Unknown request URI: /requests
Sep 27, 2025 1:29:26 PM io.gapi.emulators.netty.HttpVersionRoutingHandler channelRead
INFO: Detected non-HTTP/2 connection.
Sep 27, 2025 1:29:26 PM io.gapi.emulators.netty.NotFoundHandler handleRequest
INFO: Unknown request URI: /requests
Sep 27, 2025 1:29:28 PM io.gapi.emulators.netty.HttpVersionRoutingHandler channelRead
INFO: Detected non-HTTP/2 connection.
Sep 27, 2025 1:29:28 PM io.gapi.emulators.netty.NotFoundHandler handleRequest
INFO: Unknown request URI: /requests
Sep 27, 2025 1:29:29 PM io.gapi.emulators.netty.HttpVersionRoutingHandler channelRead
INFO: Detected non-HTTP/2 connection.
Sep 27, 2025 1:29:29 PM io.gapi.emulators.netty.NotFoundHandler handleRequest
INFO: Unknown request URI: /requests
Sep 27, 2025 1:29:30 PM io.gapi.emulators.netty.HttpVersionRoutingHandler channelRead
INFO: Detected non-HTTP/2 connection.
Sep 27, 2025 1:29:30 PM io.gapi.emulators.netty.NotFoundHandler handleRequest
INFO: Unknown request URI: /requests
Sep 27, 2025 1:29:36 PM io.gapi.emulators.netty.HttpVersionRoutingHandler channelRead
INFO: Detected non-HTTP/2 connection.
Sep 27, 2025 1:29:36 PM io.gapi.emulators.netty.NotFoundHandler handleRequest
INFO: Unknown request URI: /requests
Sep 27, 2025 1:29:40 PM io.gapi.emulators.netty.HttpVersionRoutingHandler channelRead
INFO: Detected non-HTTP/2 connection.
Sep 27, 2025 1:29:40 PM io.gapi.emulators.netty.NotFoundHandler handleRequest
INFO: Unknown request URI: /requests
Sep 27, 2025 1:29:42 PM io.gapi.emulators.netty.HttpVersionRoutingHandler channelRead
INFO: Detected non-HTTP/2 connection.
Sep 27, 2025 1:29:42 PM io.gapi.emulators.netty.NotFoundHandler handleRequest
INFO: Unknown request URI: /requests
Sep 27, 2025 1:29:45 PM io.gapi.emulators.netty.HttpVersionRoutingHandler channelRead
INFO: Detected non-HTTP/2 connection.
Sep 27, 2025 1:29:45 PM io.gapi.emulators.netty.NotFoundHandler handleRequest
INFO: Unknown request URI: /requests
Sep 27, 2025 1:29:48 PM io.gapi.emulators.netty.HttpVersionRoutingHandler channelRead
INFO: Detected non-HTTP/2 connection.
Sep 27, 2025 1:29:48 PM io.gapi.emulators.netty.NotFoundHandler handleRequest
INFO: Unknown request URI: /requests
Sep 27, 2025 1:29:50 PM io.gapi.emulators.netty.HttpVersionRoutingHandler channelRead
INFO: Detected non-HTTP/2 connection.
Sep 27, 2025 1:29:50 PM io.gapi.emulators.netty.NotFoundHandler handleRequest
INFO: Unknown request URI: /requests
Sep 27, 2025 1:29:55 PM io.gapi.emulators.netty.HttpVersionRoutingHandler channelRead
INFO: Detected non-HTTP/2 connection.
Sep 27, 2025 1:29:55 PM io.gapi.emulators.netty.NotFoundHandler handleRequest
INFO: Unknown request URI: /requests
Sep 27, 2025 1:29:58 PM io.gapi.emulators.netty.HttpVersionRoutingHandler channelRead
INFO: Detected non-HTTP/2 connection.
Sep 27, 2025 1:29:58 PM io.gapi.emulators.netty.NotFoundHandler handleRequest
INFO: Unknown request URI: /requests
Sep 27, 2025 1:30:02 PM io.gapi.emulators.netty.HttpVersionRoutingHandler channelRead
INFO: Detected non-HTTP/2 connection.
Sep 27, 2025 1:30:02 PM io.gapi.emulators.netty.NotFoundHandler handleRequest
INFO: Unknown request URI: /requests
Sep 27, 2025 1:30:07 PM io.gapi.emulators.netty.HttpVersionRoutingHandler channelRead
INFO: Detected non-HTTP/2 connection.
Sep 27, 2025 1:30:07 PM io.gapi.emulators.netty.NotFoundHandler handleRequest
INFO: Unknown request URI: /requests
Sep 27, 2025 1:30:11 PM io.gapi.emulators.netty.HttpVersionRoutingHandler channelRead
INFO: Detected non-HTTP/2 connection.
Sep 27, 2025 1:30:11 PM io.gapi.emulators.netty.NotFoundHandler handleRequest
INFO: Unknown request URI: /requests
Sep 27, 2025 1:30:16 PM io.gapi.emulators.netty.HttpVersionRoutingHandler channelRead
INFO: Detected non-HTTP/2 connection.
Sep 27, 2025 1:30:16 PM io.gapi.emulators.netty.NotFoundHandler handleRequest
INFO: Unknown request URI: /requests
Sep 27, 2025 1:31:01 PM io.gapi.emulators.netty.HttpVersionRoutingHandler channelRead
INFO: Detected non-HTTP/2 connection.
Sep 27, 2025 1:31:01 PM io.gapi.emulators.netty.NotFoundHandler handleRequest
INFO: Unknown request URI: /requests
Sep 27, 2025 1:31:57 PM io.gapi.emulators.netty.HttpVersionRoutingHandler channelRead
INFO: Detected non-HTTP/2 connection.
Sep 27, 2025 1:31:57 PM io.gapi.emulators.netty.NotFoundHandler handleRequest
INFO: Unknown request URI: /requests
Sep 27, 2025 1:32:57 PM io.gapi.emulators.netty.HttpVersionRoutingHandler channelRead
INFO: Detected non-HTTP/2 connection.
Sep 27, 2025 1:32:57 PM io.gapi.emulators.netty.NotFoundHandler handleRequest
INFO: Unknown request URI: /requests
Sep 27, 2025 1:33:57 PM io.gapi.emulators.netty.HttpVersionRoutingHandler channelRead
INFO: Detected non-HTTP/2 connection.
Sep 27, 2025 1:33:57 PM io.gapi.emulators.netty.NotFoundHandler handleRequest
INFO: Unknown request URI: /requests
Sep 27, 2025 1:34:57 PM io.gapi.emulators.netty.HttpVersionRoutingHandler channelRead
INFO: Detected non-HTTP/2 connection.
Sep 27, 2025 1:34:57 PM io.gapi.emulators.netty.NotFoundHandler handleRequest
INFO: Unknown request URI: /requests
Sep 27, 2025 1:35:57 PM io.gapi.emulators.netty.HttpVersionRoutingHandler channelRead
INFO: Detected non-HTTP/2 connection.
Sep 27, 2025 1:35:57 PM io.gapi.emulators.netty.NotFoundHandler handleRequest
INFO: Unknown request URI: /requests
Sep 27, 2025 1:36:57 PM io.gapi.emulators.netty.HttpVersionRoutingHandler channelRead
INFO: Detected non-HTTP/2 connection.
Sep 27, 2025 1:36:57 PM io.gapi.emulators.netty.NotFoundHandler handleRequest
INFO: Unknown request URI: /requests
Sep 27, 2025 1:37:57 PM io.gapi.emulators.netty.HttpVersionRoutingHandler channelRead
INFO: Detected non-HTTP/2 connection.
Sep 27, 2025 1:37:57 PM io.gapi.emulators.netty.NotFoundHandler handleRequest
INFO: Unknown request URI: /requests
Sep 27, 2025 1:38:57 PM io.gapi.emulators.netty.HttpVersionRoutingHandler channelRead
INFO: Detected non-HTTP/2 connection.
Sep 27, 2025 1:38:57 PM io.gapi.emulators.netty.NotFoundHandler handleRequest
INFO: Unknown request URI: /requests
Sep 27, 2025 1:39:57 PM io.gapi.emulators.netty.HttpVersionRoutingHandler channelRead
INFO: Detected non-HTTP/2 connection.
Sep 27, 2025 1:39:57 PM io.gapi.emulators.netty.NotFoundHandler handleRequest
INFO: Unknown request URI: /requests
Sep 27, 2025 1:40:10 PM io.gapi.emulators.netty.HttpVersionRoutingHandler channelRead
INFO: Detected non-HTTP/2 connection.
Sep 27, 2025 1:40:10 PM io.gapi.emulators.netty.NotFoundHandler handleRequest
INFO: Unknown request URI: /requests
Sep 27, 2025 1:40:10 PM io.gapi.emulators.netty.HttpVersionRoutingHandler channelRead
INFO: Detected non-HTTP/2 connection.
Sep 27, 2025 1:40:10 PM io.gapi.emulators.netty.NotFoundHandler handleRequest
INFO: Unknown request URI: /requests
Sep 27, 2025 1:40:11 PM io.gapi.emulators.netty.HttpVersionRoutingHandler channelRead
INFO: Detected non-HTTP/2 connection.
Sep 27, 2025 1:40:11 PM io.gapi.emulators.netty.NotFoundHandler handleRequest
INFO: Unknown request URI: /requests
Sep 27, 2025 1:40:12 PM io.gapi.emulators.netty.HttpVersionRoutingHandler channelRead
INFO: Detected non-HTTP/2 connection.
Sep 27, 2025 1:40:12 PM io.gapi.emulators.netty.NotFoundHandler handleRequest
INFO: Unknown request URI: /requests
Sep 27, 2025 1:40:13 PM io.gapi.emulators.netty.HttpVersionRoutingHandler channelRead
INFO: Detected non-HTTP/2 connection.
Sep 27, 2025 1:40:13 PM io.gapi.emulators.netty.NotFoundHandler handleRequest
INFO: Unknown request URI: /requests
Sep 27, 2025 1:40:14 PM io.gapi.emulators.netty.HttpVersionRoutingHandler channelRead
INFO: Detected non-HTTP/2 connection.
Sep 27, 2025 1:40:14 PM io.gapi.emulators.netty.NotFoundHandler handleRequest
INFO: Unknown request URI: /requests
Sep 27, 2025 1:40:15 PM io.gapi.emulators.netty.HttpVersionRoutingHandler channelRead
INFO: Detected non-HTTP/2 connection.
Sep 27, 2025 1:40:15 PM io.gapi.emulators.netty.NotFoundHandler handleRequest
INFO: Unknown request URI: /requests
Sep 27, 2025 1:40:16 PM io.gapi.emulators.netty.HttpVersionRoutingHandler channelRead
INFO: Detected non-HTTP/2 connection.
Sep 27, 2025 1:40:16 PM io.gapi.emulators.netty.NotFoundHandler handleRequest
INFO: Unknown request URI: /requests
Sep 27, 2025 1:40:17 PM io.gapi.emulators.netty.HttpVersionRoutingHandler channelRead
INFO: Detected non-HTTP/2 connection.
Sep 27, 2025 1:40:17 PM io.gapi.emulators.netty.NotFoundHandler handleRequest
INFO: Unknown request URI: /requests
Sep 27, 2025 1:40:18 PM io.gapi.emulators.netty.HttpVersionRoutingHandler channelRead
INFO: Detected non-HTTP/2 connection.
Sep 27, 2025 1:40:18 PM io.gapi.emulators.netty.NotFoundHandler handleRequest
INFO: Unknown request URI: /requests
Sep 27, 2025 1:40:19 PM io.gapi.emulators.netty.HttpVersionRoutingHandler channelRead
INFO: Detected non-HTTP/2 connection.
Sep 27, 2025 1:40:19 PM io.gapi.emulators.netty.NotFoundHandler handleRequest
INFO: Unknown request URI: /requests
Sep 27, 2025 1:40:21 PM io.gapi.emulators.netty.HttpVersionRoutingHandler channelRead
INFO: Detected non-HTTP/2 connection.
Sep 27, 2025 1:40:21 PM io.gapi.emulators.netty.NotFoundHandler handleRequest
INFO: Unknown request URI: /requests
Sep 27, 2025 1:40:22 PM io.gapi.emulators.netty.HttpVersionRoutingHandler channelRead
INFO: Detected non-HTTP/2 connection.
Sep 27, 2025 1:40:22 PM io.gapi.emulators.netty.NotFoundHandler handleRequest
INFO: Unknown request URI: /requests
Sep 27, 2025 1:40:23 PM io.gapi.emulators.netty.HttpVersionRoutingHandler channelRead
INFO: Detected non-HTTP/2 connection.
Sep 27, 2025 1:40:23 PM io.gapi.emulators.netty.NotFoundHandler handleRequest
INFO: Unknown request URI: /requests
Sep 27, 2025 1:40:24 PM io.gapi.emulators.netty.HttpVersionRoutingHandler channelRead
INFO: Detected non-HTTP/2 connection.
Sep 27, 2025 1:40:24 PM io.gapi.emulators.netty.NotFoundHandler handleRequest
INFO: Unknown request URI: /requests
Sep 27, 2025 1:40:29 PM io.gapi.emulators.netty.HttpVersionRoutingHandler channelRead
INFO: Detected non-HTTP/2 connection.
Sep 27, 2025 1:40:29 PM io.gapi.emulators.netty.NotFoundHandler handleRequest
INFO: Unknown request URI: /requests
Sep 27, 2025 1:40:34 PM io.gapi.emulators.netty.HttpVersionRoutingHandler channelRead
INFO: Detected non-HTTP/2 connection.
Sep 27, 2025 1:40:34 PM io.gapi.emulators.netty.NotFoundHandler handleRequest
INFO: Unknown request URI: /requests
Sep 27, 2025 1:40:40 PM io.gapi.emulators.netty.HttpVersionRoutingHandler channelRead
INFO: Detected non-HTTP/2 connection.
Sep 27, 2025 1:40:40 PM io.gapi.emulators.netty.NotFoundHandler handleRequest
INFO: Unknown request URI: /requests
Sep 27, 2025 1:40:44 PM io.gapi.emulators.netty.HttpVersionRoutingHandler channelRead
INFO: Detected non-HTTP/2 connection.
Sep 27, 2025 1:40:44 PM io.gapi.emulators.netty.NotFoundHandler handleRequest
INFO: Unknown request URI: /requests
Sep 27, 2025 1:40:47 PM io.gapi.emulators.netty.HttpVersionRoutingHandler channelRead
INFO: Detected non-HTTP/2 connection.
Sep 27, 2025 1:40:47 PM io.gapi.emulators.netty.NotFoundHandler handleRequest
INFO: Unknown request URI: /requests
Sep 27, 2025 1:40:52 PM io.gapi.emulators.netty.HttpVersionRoutingHandler channelRead
INFO: Detected non-HTTP/2 connection.
Sep 27, 2025 1:40:52 PM io.gapi.emulators.netty.NotFoundHandler handleRequest
INFO: Unknown request URI: /requests
Sep 27, 2025 1:40:55 PM io.gapi.emulators.netty.HttpVersionRoutingHandler channelRead
INFO: Detected non-HTTP/2 connection.
Sep 27, 2025 1:40:55 PM io.gapi.emulators.netty.NotFoundHandler handleRequest
INFO: Unknown request URI: /requests
Sep 27, 2025 1:41:00 PM io.gapi.emulators.netty.HttpVersionRoutingHandler channelRead
INFO: Detected non-HTTP/2 connection.
Sep 27, 2025 1:41:00 PM io.gapi.emulators.netty.NotFoundHandler handleRequest
INFO: Unknown request URI: /requests
Sep 27, 2025 1:41:02 PM io.gapi.emulators.netty.HttpVersionRoutingHandler channelRead
INFO: Detected non-HTTP/2 connection.
Sep 27, 2025 1:41:02 PM io.gapi.emulators.netty.NotFoundHandler handleRequest
INFO: Unknown request URI: /requests
Sep 27, 2025 1:41:07 PM io.gapi.emulators.netty.HttpVersionRoutingHandler channelRead
INFO: Detected non-HTTP/2 connection.
Sep 27, 2025 1:41:07 PM io.gapi.emulators.netty.NotFoundHandler handleRequest
INFO: Unknown request URI: /requests
Sep 27, 2025 1:41:12 PM io.gapi.emulators.netty.HttpVersionRoutingHandler channelRead
INFO: Detected non-HTTP/2 connection.
Sep 27, 2025 1:41:12 PM io.gapi.emulators.netty.NotFoundHandler handleRequest
INFO: Unknown request URI: /requests
Sep 27, 2025 1:41:15 PM io.gapi.emulators.netty.HttpVersionRoutingHandler channelRead
INFO: Detected non-HTTP/2 connection.
Sep 27, 2025 1:41:15 PM io.gapi.emulators.netty.NotFoundHandler handleRequest
INFO: Unknown request URI: /requests
Sep 27, 2025 1:42:00 PM io.gapi.emulators.netty.HttpVersionRoutingHandler channelRead
INFO: Detected non-HTTP/2 connection.
Sep 27, 2025 1:42:00 PM io.gapi.emulators.netty.NotFoundHandler handleRequest
INFO: Unknown request URI: /requests
Sep 27, 2025 1:43:02 PM io.gapi.emulators.netty.HttpVersionRoutingHandler channelRead
INFO: Detected non-HTTP/2 connection.
Sep 27, 2025 1:43:02 PM io.gapi.emulators.netty.NotFoundHandler handleRequest
INFO: Unknown request URI: /requests
Sep 27, 2025 1:43:57 PM io.gapi.emulators.netty.HttpVersionRoutingHandler channelRead
INFO: Detected non-HTTP/2 connection.
Sep 27, 2025 1:43:57 PM io.gapi.emulators.netty.NotFoundHandler handleRequest
INFO: Unknown request URI: /requests
Sep 27, 2025 1:44:57 PM io.gapi.emulators.netty.HttpVersionRoutingHandler channelRead
INFO: Detected non-HTTP/2 connection.
Sep 27, 2025 1:44:57 PM io.gapi.emulators.netty.NotFoundHandler handleRequest
INFO: Unknown request URI: /requests
Sep 27, 2025 1:45:16 PM io.gapi.emulators.netty.HttpVersionRoutingHandler channelRead
INFO: Detected non-HTTP/2 connection.
Sep 27, 2025 1:45:16 PM io.gapi.emulators.netty.NotFoundHandler handleRequest
INFO: Unknown request URI: /requests
Sep 27, 2025 1:45:17 PM io.gapi.emulators.netty.HttpVersionRoutingHandler channelRead
INFO: Detected non-HTTP/2 connection.
Sep 27, 2025 1:45:17 PM io.gapi.emulators.netty.NotFoundHandler handleRequest
INFO: Unknown request URI: /requests
Sep 27, 2025 1:45:18 PM io.gapi.emulators.netty.HttpVersionRoutingHandler channelRead
INFO: Detected non-HTTP/2 connection.
Sep 27, 2025 1:45:18 PM io.gapi.emulators.netty.NotFoundHandler handleRequest
INFO: Unknown request URI: /requests
Sep 27, 2025 1:45:19 PM io.gapi.emulators.netty.HttpVersionRoutingHandler channelRead
INFO: Detected non-HTTP/2 connection.
Sep 27, 2025 1:45:19 PM io.gapi.emulators.netty.NotFoundHandler handleRequest
INFO: Unknown request URI: /requests
Sep 27, 2025 1:45:20 PM io.gapi.emulators.netty.HttpVersionRoutingHandler channelRead
INFO: Detected non-HTTP/2 connection.
Sep 27, 2025 1:45:20 PM io.gapi.emulators.netty.NotFoundHandler handleRequest
INFO: Unknown request URI: /requests
Sep 27, 2025 1:45:21 PM io.gapi.emulators.netty.HttpVersionRoutingHandler channelRead
INFO: Detected non-HTTP/2 connection.
Sep 27, 2025 1:45:21 PM io.gapi.emulators.netty.NotFoundHandler handleRequest
INFO: Unknown request URI: /requests
Sep 27, 2025 1:45:22 PM io.gapi.emulators.netty.HttpVersionRoutingHandler channelRead
INFO: Detected non-HTTP/2 connection.
Sep 27, 2025 1:45:22 PM io.gapi.emulators.netty.NotFoundHandler handleRequest
INFO: Unknown request URI: /requests
Sep 27, 2025 1:45:23 PM io.gapi.emulators.netty.HttpVersionRoutingHandler channelRead
INFO: Detected non-HTTP/2 connection.
Sep 27, 2025 1:45:23 PM io.gapi.emulators.netty.NotFoundHandler handleRequest
INFO: Unknown request URI: /requests
Sep 27, 2025 1:45:24 PM io.gapi.emulators.netty.HttpVersionRoutingHandler channelRead
INFO: Detected non-HTTP/2 connection.
Sep 27, 2025 1:45:24 PM io.gapi.emulators.netty.NotFoundHandler handleRequest
INFO: Unknown request URI: /requests
Sep 27, 2025 1:45:25 PM io.gapi.emulators.netty.HttpVersionRoutingHandler channelRead
INFO: Detected non-HTTP/2 connection.
Sep 27, 2025 1:45:25 PM io.gapi.emulators.netty.NotFoundHandler handleRequest
INFO: Unknown request URI: /requests
Sep 27, 2025 1:45:26 PM io.gapi.emulators.netty.HttpVersionRoutingHandler channelRead
INFO: Detected non-HTTP/2 connection.
Sep 27, 2025 1:45:26 PM io.gapi.emulators.netty.NotFoundHandler handleRequest
INFO: Unknown request URI: /requests
Sep 27, 2025 1:45:27 PM io.gapi.emulators.netty.HttpVersionRoutingHandler channelRead
INFO: Detected non-HTTP/2 connection.
Sep 27, 2025 1:45:27 PM io.gapi.emulators.netty.NotFoundHandler handleRequest
INFO: Unknown request URI: /requests
Sep 27, 2025 1:45:28 PM io.gapi.emulators.netty.HttpVersionRoutingHandler channelRead
INFO: Detected non-HTTP/2 connection.
Sep 27, 2025 1:45:28 PM io.gapi.emulators.netty.NotFoundHandler handleRequest
INFO: Unknown request URI: /requests
Sep 27, 2025 1:45:30 PM io.gapi.emulators.netty.HttpVersionRoutingHandler channelRead
INFO: Detected non-HTTP/2 connection.
Sep 27, 2025 1:45:30 PM io.gapi.emulators.netty.NotFoundHandler handleRequest
INFO: Unknown request URI: /requests
Sep 27, 2025 1:45:31 PM io.gapi.emulators.netty.HttpVersionRoutingHandler channelRead
INFO: Detected non-HTTP/2 connection.
Sep 27, 2025 1:45:31 PM io.gapi.emulators.netty.NotFoundHandler handleRequest
INFO: Unknown request URI: /requests
Sep 27, 2025 1:45:35 PM io.gapi.emulators.netty.HttpVersionRoutingHandler channelRead
INFO: Detected non-HTTP/2 connection.
Sep 27, 2025 1:45:35 PM io.gapi.emulators.netty.NotFoundHandler handleRequest
INFO: Unknown request URI: /requests
Sep 27, 2025 1:45:40 PM io.gapi.emulators.netty.HttpVersionRoutingHandler channelRead
INFO: Detected non-HTTP/2 connection.
Sep 27, 2025 1:45:40 PM io.gapi.emulators.netty.NotFoundHandler handleRequest
INFO: Unknown request URI: /requests
Sep 27, 2025 1:45:46 PM io.gapi.emulators.netty.HttpVersionRoutingHandler channelRead
INFO: Detected non-HTTP/2 connection.
Sep 27, 2025 1:45:46 PM io.gapi.emulators.netty.NotFoundHandler handleRequest
INFO: Unknown request URI: /requests
Sep 27, 2025 1:45:51 PM io.gapi.emulators.netty.HttpVersionRoutingHandler channelRead
INFO: Detected non-HTTP/2 connection.
Sep 27, 2025 1:45:51 PM io.gapi.emulators.netty.NotFoundHandler handleRequest
INFO: Unknown request URI: /requests
Sep 27, 2025 1:45:56 PM io.gapi.emulators.netty.HttpVersionRoutingHandler channelRead
INFO: Detected non-HTTP/2 connection.
Sep 27, 2025 1:45:56 PM io.gapi.emulators.netty.NotFoundHandler handleRequest
INFO: Unknown request URI: /requests
Sep 27, 2025 1:45:59 PM io.gapi.emulators.netty.HttpVersionRoutingHandler channelRead
INFO: Detected non-HTTP/2 connection.
Sep 27, 2025 1:45:59 PM io.gapi.emulators.netty.NotFoundHandler handleRequest
INFO: Unknown request URI: /requests
Sep 27, 2025 1:46:03 PM io.gapi.emulators.netty.HttpVersionRoutingHandler channelRead
INFO: Detected non-HTTP/2 connection.
Sep 27, 2025 1:46:03 PM io.gapi.emulators.netty.NotFoundHandler handleRequest
INFO: Unknown request URI: /requests
Sep 27, 2025 1:46:06 PM io.gapi.emulators.netty.HttpVersionRoutingHandler channelRead
INFO: Detected non-HTTP/2 connection.
Sep 27, 2025 1:46:06 PM io.gapi.emulators.netty.NotFoundHandler handleRequest
INFO: Unknown request URI: /requests
Sep 27, 2025 1:46:09 PM io.gapi.emulators.netty.HttpVersionRoutingHandler channelRead
INFO: Detected non-HTTP/2 connection.
Sep 27, 2025 1:46:09 PM io.gapi.emulators.netty.NotFoundHandler handleRequest
INFO: Unknown request URI: /requests
Sep 27, 2025 1:46:13 PM io.gapi.emulators.netty.HttpVersionRoutingHandler channelRead
INFO: Detected non-HTTP/2 connection.
Sep 27, 2025 1:46:13 PM io.gapi.emulators.netty.NotFoundHandler handleRequest
INFO: Unknown request URI: /requests
Sep 27, 2025 1:46:15 PM io.gapi.emulators.netty.HttpVersionRoutingHandler channelRead
INFO: Detected non-HTTP/2 connection.
Sep 27, 2025 1:46:15 PM io.gapi.emulators.netty.NotFoundHandler handleRequest
INFO: Unknown request URI: /requests
Sep 27, 2025 1:46:21 PM io.gapi.emulators.netty.HttpVersionRoutingHandler channelRead
INFO: Detected non-HTTP/2 connection.
Sep 27, 2025 1:46:21 PM io.gapi.emulators.netty.NotFoundHandler handleRequest
INFO: Unknown request URI: /requests
Sep 27, 2025 1:46:25 PM io.gapi.emulators.netty.HttpVersionRoutingHandler channelRead
INFO: Detected non-HTTP/2 connection.
Sep 27, 2025 1:46:25 PM io.gapi.emulators.netty.NotFoundHandler handleRequest
INFO: Unknown request URI: /requests
Sep 27, 2025 1:46:27 PM io.gapi.emulators.netty.HttpVersionRoutingHandler channelRead
INFO: Detected non-HTTP/2 connection.
Sep 27, 2025 1:46:27 PM io.gapi.emulators.netty.NotFoundHandler handleRequest
INFO: Unknown request URI: /requests
Sep 27, 2025 1:46:30 PM io.gapi.emulators.netty.HttpVersionRoutingHandler channelRead
INFO: Detected non-HTTP/2 connection.
Sep 27, 2025 1:46:30 PM io.gapi.emulators.netty.NotFoundHandler handleRequest
INFO: Unknown request URI: /requests
Sep 27, 2025 1:46:32 PM io.gapi.emulators.netty.HttpVersionRoutingHandler channelRead
INFO: Detected non-HTTP/2 connection.
Sep 27, 2025 1:46:32 PM io.gapi.emulators.netty.NotFoundHandler handleRequest
INFO: Unknown request URI: /requests
Sep 27, 2025 1:46:35 PM io.gapi.emulators.netty.HttpVersionRoutingHandler channelRead
INFO: Detected non-HTTP/2 connection.
Sep 27, 2025 1:46:35 PM io.gapi.emulators.netty.NotFoundHandler handleRequest
INFO: Unknown request URI: /requests
Sep 27, 2025 1:46:39 PM io.gapi.emulators.netty.HttpVersionRoutingHandler channelRead
INFO: Detected non-HTTP/2 connection.
Sep 27, 2025 1:46:39 PM io.gapi.emulators.netty.NotFoundHandler handleRequest
INFO: Unknown request URI: /requests
Sep 27, 2025 1:46:45 PM io.gapi.emulators.netty.HttpVersionRoutingHandler channelRead
INFO: Detected non-HTTP/2 connection.
Sep 27, 2025 1:46:45 PM io.gapi.emulators.netty.NotFoundHandler handleRequest
INFO: Unknown request URI: /requests
Sep 27, 2025 1:46:48 PM io.gapi.emulators.netty.HttpVersionRoutingHandler channelRead
INFO: Detected non-HTTP/2 connection.
Sep 27, 2025 1:46:48 PM io.gapi.emulators.netty.NotFoundHandler handleRequest
INFO: Unknown request URI: /requests
Sep 27, 2025 1:46:58 PM io.gapi.emulators.netty.HttpVersionRoutingHandler channelRead
INFO: Detected non-HTTP/2 connection.
Sep 27, 2025 1:46:58 PM io.gapi.emulators.netty.NotFoundHandler handleRequest
INFO: Unknown request URI: /requests
Sep 27, 2025 1:47:57 PM io.gapi.emulators.netty.HttpVersionRoutingHandler channelRead
INFO: Detected non-HTTP/2 connection.
Sep 27, 2025 1:47:57 PM io.gapi.emulators.netty.NotFoundHandler handleRequest
INFO: Unknown request URI: /requests
Sep 27, 2025 1:48:57 PM io.gapi.emulators.netty.HttpVersionRoutingHandler channelRead
INFO: Detected non-HTTP/2 connection.
Sep 27, 2025 1:48:57 PM io.gapi.emulators.netty.NotFoundHandler handleRequest
INFO: Unknown request URI: /requests
Sep 27, 2025 1:49:57 PM io.gapi.emulators.netty.HttpVersionRoutingHandler channelRead
INFO: Detected non-HTTP/2 connection.
Sep 27, 2025 1:49:57 PM io.gapi.emulators.netty.NotFoundHandler handleRequest
INFO: Unknown request URI: /requests
Sep 27, 2025 1:50:57 PM io.gapi.emulators.netty.HttpVersionRoutingHandler channelRead
INFO: Detected non-HTTP/2 connection.
Sep 27, 2025 1:50:57 PM io.gapi.emulators.netty.NotFoundHandler handleRequest
INFO: Unknown request URI: /requests
Sep 27, 2025 1:51:57 PM io.gapi.emulators.netty.HttpVersionRoutingHandler channelRead
INFO: Detected non-HTTP/2 connection.
Sep 27, 2025 1:51:57 PM io.gapi.emulators.netty.NotFoundHandler handleRequest
INFO: Unknown request URI: /requests
Sep 27, 2025 1:52:57 PM io.gapi.emulators.netty.HttpVersionRoutingHandler channelRead
INFO: Detected non-HTTP/2 connection.
Sep 27, 2025 1:52:57 PM io.gapi.emulators.netty.NotFoundHandler handleRequest
INFO: Unknown request URI: /requests
Sep 27, 2025 1:53:57 PM io.gapi.emulators.netty.HttpVersionRoutingHandler channelRead
INFO: Detected non-HTTP/2 connection.
Sep 27, 2025 1:53:57 PM io.gapi.emulators.netty.NotFoundHandler handleRequest
INFO: Unknown request URI: /requests
Sep 27, 2025 1:54:13 PM io.gapi.emulators.netty.HttpVersionRoutingHandler channelRead
INFO: Detected non-HTTP/2 connection.
Sep 27, 2025 1:54:13 PM io.gapi.emulators.netty.NotFoundHandler handleRequest
INFO: Unknown request URI: /requests
Sep 27, 2025 1:54:13 PM io.gapi.emulators.netty.HttpVersionRoutingHandler channelRead
INFO: Detected non-HTTP/2 connection.
Sep 27, 2025 1:54:13 PM io.gapi.emulators.netty.NotFoundHandler handleRequest
INFO: Unknown request URI: /requests
